DEBUG 2025-07-14 11:48:37,694 django.template base.py (line 941) _resolve_lookup Exception while resolving variable 'name' in template 'unknown'.
Traceback (most recent call last):
  File "/Users/macbook/PycharmProjects/tg_parser_example/.venv/lib/python3.13/site-packages/django/core/handlers/exception.py", line 55, in inner
    response = get_response(request)
  File "/Users/macbook/PycharmProjects/tg_parser_example/.venv/lib/python3.13/site-packages/django/core/handlers/base.py", line 181, in _get_response
    callback, callback_args, callback_kwargs = self.resolve_request(request)
                                               ~~~~~~~~~~~~~~~~~~~~^^^^^^^^^
  File "/Users/macbook/PycharmProjects/tg_parser_example/.venv/lib/python3.13/site-packages/django/core/handlers/base.py", line 313, in resolve_request
    resolver_match = resolver.resolve(request.path_info)
  File "/Users/macbook/PycharmProjects/tg_parser_example/.venv/lib/python3.13/site-packages/django/urls/resolvers.py", line 705, in resolve
    raise Resolver404({"tried": tried, "path": new_path})
django.urls.exceptions.Resolver404: {'tried': [[<URLResolver <URLPattern list> (admin:admin) 'admin/'>], [<URLPattern '' [name='index']>], [<URLResolver <module 'parserexample.parser.urls' from '/Users/macbook/PycharmProjects/tg_parser_example/parserexample/parser/urls.py'> (parser:parser) 'parser/'>]], 'path': 'favicon.ico'}

During handling of the above exception, another exception occurred:

Traceback (most recent call last):
  File "/Users/macbook/PycharmProjects/tg_parser_example/.venv/lib/python3.13/site-packages/django/template/base.py", line 890, in _resolve_lookup
    raise TypeError
TypeError

During handling of the above exception, another exception occurred:

Traceback (most recent call last):
  File "/Users/macbook/PycharmProjects/tg_parser_example/.venv/lib/python3.13/site-packages/django/template/base.py", line 901, in _resolve_lookup
    current = getattr(current, bit)
AttributeError: 'URLResolver' object has no attribute 'name'

During handling of the above exception, another exception occurred:

Traceback (most recent call last):
  File "/Users/macbook/PycharmProjects/tg_parser_example/.venv/lib/python3.13/site-packages/django/template/base.py", line 907, in _resolve_lookup
    current = current[int(bit)]
                      ~~~^^^^^
ValueError: invalid literal for int() with base 10: 'name'

During handling of the above exception, another exception occurred:

Traceback (most recent call last):
  File "/Users/macbook/PycharmProjects/tg_parser_example/.venv/lib/python3.13/site-packages/django/template/base.py", line 914, in _resolve_lookup
    raise VariableDoesNotExist(
    ^^^^^^^^^^^^^^^^^^^^^^^^^^^
    ...<2 lines>...
    )  # missing attribute
    ^
django.template.base.VariableDoesNotExist: Failed lookup for key [name] in <URLResolver <URLPattern list> (admin:admin) 'admin/'>
DEBUG 2025-07-14 11:48:37,704 django.template base.py (line 941) _resolve_lookup Exception while resolving variable 'name' in template 'unknown'.
Traceback (most recent call last):
  File "/Users/macbook/PycharmProjects/tg_parser_example/.venv/lib/python3.13/site-packages/django/core/handlers/exception.py", line 55, in inner
    response = get_response(request)
  File "/Users/macbook/PycharmProjects/tg_parser_example/.venv/lib/python3.13/site-packages/django/core/handlers/base.py", line 181, in _get_response
    callback, callback_args, callback_kwargs = self.resolve_request(request)
                                               ~~~~~~~~~~~~~~~~~~~~^^^^^^^^^
  File "/Users/macbook/PycharmProjects/tg_parser_example/.venv/lib/python3.13/site-packages/django/core/handlers/base.py", line 313, in resolve_request
    resolver_match = resolver.resolve(request.path_info)
  File "/Users/macbook/PycharmProjects/tg_parser_example/.venv/lib/python3.13/site-packages/django/urls/resolvers.py", line 705, in resolve
    raise Resolver404({"tried": tried, "path": new_path})
django.urls.exceptions.Resolver404: {'tried': [[<URLResolver <URLPattern list> (admin:admin) 'admin/'>], [<URLPattern '' [name='index']>], [<URLResolver <module 'parserexample.parser.urls' from '/Users/macbook/PycharmProjects/tg_parser_example/parserexample/parser/urls.py'> (parser:parser) 'parser/'>]], 'path': 'favicon.ico'}

During handling of the above exception, another exception occurred:

Traceback (most recent call last):
  File "/Users/macbook/PycharmProjects/tg_parser_example/.venv/lib/python3.13/site-packages/django/template/base.py", line 890, in _resolve_lookup
    raise TypeError
TypeError

During handling of the above exception, another exception occurred:

Traceback (most recent call last):
  File "/Users/macbook/PycharmProjects/tg_parser_example/.venv/lib/python3.13/site-packages/django/template/base.py", line 901, in _resolve_lookup
    current = getattr(current, bit)
AttributeError: 'URLResolver' object has no attribute 'name'

During handling of the above exception, another exception occurred:

Traceback (most recent call last):
  File "/Users/macbook/PycharmProjects/tg_parser_example/.venv/lib/python3.13/site-packages/django/template/base.py", line 907, in _resolve_lookup
    current = current[int(bit)]
                      ~~~^^^^^
ValueError: invalid literal for int() with base 10: 'name'

During handling of the above exception, another exception occurred:

Traceback (most recent call last):
  File "/Users/macbook/PycharmProjects/tg_parser_example/.venv/lib/python3.13/site-packages/django/template/base.py", line 914, in _resolve_lookup
    raise VariableDoesNotExist(
    ^^^^^^^^^^^^^^^^^^^^^^^^^^^
    ...<2 lines>...
    )  # missing attribute
    ^
django.template.base.VariableDoesNotExist: Failed lookup for key [name] in <URLResolver <module 'parserexample.parser.urls' from '/Users/macbook/PycharmProjects/tg_parser_example/parserexample/parser/urls.py'> (parser:parser) 'parser/'>
DEBUG 2025-07-14 11:48:45,620 django.template base.py (line 941) _resolve_lookup Exception while resolving variable 'name' in template 'unknown'.
Traceback (most recent call last):
  File "/Users/macbook/PycharmProjects/tg_parser_example/.venv/lib/python3.13/site-packages/django/core/handlers/exception.py", line 55, in inner
    response = get_response(request)
  File "/Users/macbook/PycharmProjects/tg_parser_example/.venv/lib/python3.13/site-packages/django/core/handlers/base.py", line 181, in _get_response
    callback, callback_args, callback_kwargs = self.resolve_request(request)
                                               ~~~~~~~~~~~~~~~~~~~~^^^^^^^^^
  File "/Users/macbook/PycharmProjects/tg_parser_example/.venv/lib/python3.13/site-packages/django/core/handlers/base.py", line 313, in resolve_request
    resolver_match = resolver.resolve(request.path_info)
  File "/Users/macbook/PycharmProjects/tg_parser_example/.venv/lib/python3.13/site-packages/django/urls/resolvers.py", line 705, in resolve
    raise Resolver404({"tried": tried, "path": new_path})
django.urls.exceptions.Resolver404: {'tried': [[<URLResolver <URLPattern list> (admin:admin) 'admin/'>], [<URLPattern '' [name='index']>], [<URLResolver <module 'parserexample.parser.urls' from '/Users/macbook/PycharmProjects/tg_parser_example/parserexample/parser/urls.py'> (parser:parser) 'parser/'>]], 'path': 'add'}

During handling of the above exception, another exception occurred:

Traceback (most recent call last):
  File "/Users/macbook/PycharmProjects/tg_parser_example/.venv/lib/python3.13/site-packages/django/template/base.py", line 890, in _resolve_lookup
    raise TypeError
TypeError

During handling of the above exception, another exception occurred:

Traceback (most recent call last):
  File "/Users/macbook/PycharmProjects/tg_parser_example/.venv/lib/python3.13/site-packages/django/template/base.py", line 901, in _resolve_lookup
    current = getattr(current, bit)
AttributeError: 'URLResolver' object has no attribute 'name'

During handling of the above exception, another exception occurred:

Traceback (most recent call last):
  File "/Users/macbook/PycharmProjects/tg_parser_example/.venv/lib/python3.13/site-packages/django/template/base.py", line 907, in _resolve_lookup
    current = current[int(bit)]
                      ~~~^^^^^
ValueError: invalid literal for int() with base 10: 'name'

During handling of the above exception, another exception occurred:

Traceback (most recent call last):
  File "/Users/macbook/PycharmProjects/tg_parser_example/.venv/lib/python3.13/site-packages/django/template/base.py", line 914, in _resolve_lookup
    raise VariableDoesNotExist(
    ^^^^^^^^^^^^^^^^^^^^^^^^^^^
    ...<2 lines>...
    )  # missing attribute
    ^
django.template.base.VariableDoesNotExist: Failed lookup for key [name] in <URLResolver <URLPattern list> (admin:admin) 'admin/'>
DEBUG 2025-07-14 11:48:45,623 django.template base.py (line 941) _resolve_lookup Exception while resolving variable 'name' in template 'unknown'.
Traceback (most recent call last):
  File "/Users/macbook/PycharmProjects/tg_parser_example/.venv/lib/python3.13/site-packages/django/core/handlers/exception.py", line 55, in inner
    response = get_response(request)
  File "/Users/macbook/PycharmProjects/tg_parser_example/.venv/lib/python3.13/site-packages/django/core/handlers/base.py", line 181, in _get_response
    callback, callback_args, callback_kwargs = self.resolve_request(request)
                                               ~~~~~~~~~~~~~~~~~~~~^^^^^^^^^
  File "/Users/macbook/PycharmProjects/tg_parser_example/.venv/lib/python3.13/site-packages/django/core/handlers/base.py", line 313, in resolve_request
    resolver_match = resolver.resolve(request.path_info)
  File "/Users/macbook/PycharmProjects/tg_parser_example/.venv/lib/python3.13/site-packages/django/urls/resolvers.py", line 705, in resolve
    raise Resolver404({"tried": tried, "path": new_path})
django.urls.exceptions.Resolver404: {'tried': [[<URLResolver <URLPattern list> (admin:admin) 'admin/'>], [<URLPattern '' [name='index']>], [<URLResolver <module 'parserexample.parser.urls' from '/Users/macbook/PycharmProjects/tg_parser_example/parserexample/parser/urls.py'> (parser:parser) 'parser/'>]], 'path': 'add'}

During handling of the above exception, another exception occurred:

Traceback (most recent call last):
  File "/Users/macbook/PycharmProjects/tg_parser_example/.venv/lib/python3.13/site-packages/django/template/base.py", line 890, in _resolve_lookup
    raise TypeError
TypeError

During handling of the above exception, another exception occurred:

Traceback (most recent call last):
  File "/Users/macbook/PycharmProjects/tg_parser_example/.venv/lib/python3.13/site-packages/django/template/base.py", line 901, in _resolve_lookup
    current = getattr(current, bit)
AttributeError: 'URLResolver' object has no attribute 'name'

During handling of the above exception, another exception occurred:

Traceback (most recent call last):
  File "/Users/macbook/PycharmProjects/tg_parser_example/.venv/lib/python3.13/site-packages/django/template/base.py", line 907, in _resolve_lookup
    current = current[int(bit)]
                      ~~~^^^^^
ValueError: invalid literal for int() with base 10: 'name'

During handling of the above exception, another exception occurred:

Traceback (most recent call last):
  File "/Users/macbook/PycharmProjects/tg_parser_example/.venv/lib/python3.13/site-packages/django/template/base.py", line 914, in _resolve_lookup
    raise VariableDoesNotExist(
    ^^^^^^^^^^^^^^^^^^^^^^^^^^^
    ...<2 lines>...
    )  # missing attribute
    ^
django.template.base.VariableDoesNotExist: Failed lookup for key [name] in <URLResolver <module 'parserexample.parser.urls' from '/Users/macbook/PycharmProjects/tg_parser_example/parserexample/parser/urls.py'> (parser:parser) 'parser/'>
INFO 2025-07-15 05:46:11,533 autoreload run_with_reloader (line:667) - Watching for file changes with StatReloader
INFO 2025-07-15 05:46:11,633 aes <module> (line:23) - libssl detected, it will be used for encryption
INFO 2025-07-15 05:46:14,986 basehttp log_message (line:213) - "GET / HTTP/1.1" 200 3358
INFO 2025-07-15 05:46:17,024 basehttp log_message (line:213) - "GET /parser/ HTTP/1.1" 200 5233
INFO 2025-07-15 05:46:18,880 basehttp log_message (line:213) - "GET /parser/list HTTP/1.1" 200 6937
WARNING 2025-07-15 05:46:18,963 log log_response (line:253) - Not Found: /apple-touch-icon-precomposed.png
WARNING 2025-07-15 05:46:18,963 log log_response (line:253) - Not Found: /apple-touch-icon.png
WARNING 2025-07-15 05:46:18,964 log log_response (line:253) - Not Found: /favicon.ico
WARNING 2025-07-15 05:46:18,965 basehttp log_message (line:213) - "GET /apple-touch-icon.png HTTP/1.1" 404 2549
WARNING 2025-07-15 05:46:18,965 basehttp log_message (line:213) - "GET /apple-touch-icon-precomposed.png HTTP/1.1" 404 2585
WARNING 2025-07-15 05:46:18,965 basehttp log_message (line:213) - "GET /favicon.ico HTTP/1.1" 404 2522
INFO 2025-07-15 05:46:20,677 basehttp log_message (line:213) - "GET /parser/2/ HTTP/1.1" 200 15446
INFO 2025-07-15 05:46:58,283 basehttp log_message (line:213) - "GET /parser/ HTTP/1.1" 200 5233
DEBUG 2025-07-15 05:47:01,177 selector_events __init__ (line:64) - Using selector: KqueueSelector
INFO 2025-07-15 05:47:01,183 mtprotosender _connect (line:228) - Connecting to 149.154.167.51:443/TcpFull...
DEBUG 2025-07-15 05:47:01,184 mtprotosender _try_connect (line:283) - Connection attempt 1...
DEBUG 2025-07-15 05:47:01,185 mtprotosender _try_connect (line:285) - Connection success!
DEBUG 2025-07-15 05:47:01,185 mtprotosender _connect (line:267) - Starting send loop
DEBUG 2025-07-15 05:47:01,185 mtprotosender _connect (line:270) - Starting receive loop
INFO 2025-07-15 05:47:01,185 mtprotosender _connect (line:279) - Connection to 149.154.167.51:443/TcpFull complete!
DEBUG 2025-07-15 05:47:01,186 mtprotosender _send_loop (line:460) - Waiting for messages to send...
DEBUG 2025-07-15 05:47:01,186 messagepacker get (line:66) - Assigned msg_id = 7527181103271011208 to InvokeWithLayerRequest (108be92b0)
DEBUG 2025-07-15 05:47:01,186 mtprotosender _send_loop (line:469) - Encrypting 1 message(s) in 76 bytes for sending
DEBUG 2025-07-15 05:47:01,190 mtprotosender _send_loop (line:495) - Encrypted messages put in a queue to be sent
DEBUG 2025-07-15 05:47:01,190 mtprotosender _send_loop (line:460) - Waiting for messages to send...
DEBUG 2025-07-15 05:47:01,190 mtprotosender _recv_loop (line:505) - Receiving items from the network...
DEBUG 2025-07-15 05:47:01,577 mtprotosender _handle_bad_server_salt (line:750) - Handling bad salt for message 7527181103271011208
DEBUG 2025-07-15 05:47:01,577 mtprotosender _handle_bad_server_salt (line:755) - 1 message(s) will be resent
DEBUG 2025-07-15 05:47:01,578 mtprotosender _recv_loop (line:505) - Receiving items from the network...
DEBUG 2025-07-15 05:47:01,578 messagepacker get (line:66) - Assigned msg_id = 7527181104838662956 to InvokeWithLayerRequest (108be92b0)
DEBUG 2025-07-15 05:47:01,578 mtprotosender _send_loop (line:469) - Encrypting 1 message(s) in 76 bytes for sending
DEBUG 2025-07-15 05:47:01,579 mtprotosender _send_loop (line:495) - Encrypted messages put in a queue to be sent
DEBUG 2025-07-15 05:47:01,579 mtprotosender _send_loop (line:460) - Waiting for messages to send...
DEBUG 2025-07-15 05:47:01,579 messagepacker get (line:66) - Assigned msg_id = 7527181104843644000 to MsgsAck (108be96a0)
DEBUG 2025-07-15 05:47:01,579 mtprotosender _send_loop (line:469) - Encrypting 1 message(s) in 36 bytes for sending
DEBUG 2025-07-15 05:47:01,580 mtprotosender _send_loop (line:495) - Encrypted messages put in a queue to be sent
DEBUG 2025-07-15 05:47:01,580 mtprotosender _send_loop (line:460) - Waiting for messages to send...
DEBUG 2025-07-15 05:47:01,777 mtprotosender _handle_container (line:657) - Handling container
DEBUG 2025-07-15 05:47:01,777 mtprotosender _handle_new_session_created (line:825) - Handling new session created
DEBUG 2025-07-15 05:47:01,778 mtprotosender _handle_ack (line:844) - Handling acknowledge for [7527181104838662956]
DEBUG 2025-07-15 05:47:01,778 mtprotosender _recv_loop (line:505) - Receiving items from the network...
DEBUG 2025-07-15 05:47:01,794 mtprotosender _handle_rpc_result (line:607) - Handling RPC result for message 7527181104838662956
DEBUG 2025-07-15 05:47:01,795 mtprotosender _recv_loop (line:505) - Receiving items from the network...
DEBUG 2025-07-15 05:47:01,796 messagepacker get (line:66) - Assigned msg_id = 7527181105708796356 to GetUsersRequest (108be9a90)
DEBUG 2025-07-15 05:47:01,796 mtprotosender _send_loop (line:469) - Encrypting 1 message(s) in 32 bytes for sending
DEBUG 2025-07-15 05:47:01,796 mtprotosender _send_loop (line:495) - Encrypted messages put in a queue to be sent
DEBUG 2025-07-15 05:47:01,796 mtprotosender _send_loop (line:460) - Waiting for messages to send...
DEBUG 2025-07-15 05:47:01,796 messagepacker get (line:66) - Assigned msg_id = 7527181105709903572 to MsgsAck (108b1c7d0)
DEBUG 2025-07-15 05:47:01,796 mtprotosender _send_loop (line:469) - Encrypting 1 message(s) in 60 bytes for sending
DEBUG 2025-07-15 05:47:01,796 mtprotosender _send_loop (line:495) - Encrypted messages put in a queue to be sent
DEBUG 2025-07-15 05:47:01,796 mtprotosender _send_loop (line:460) - Waiting for messages to send...
DEBUG 2025-07-15 05:47:02,013 mtprotosender _handle_rpc_result (line:607) - Handling RPC result for message 7527181105708796356
DEBUG 2025-07-15 05:47:02,014 mtprotosender _recv_loop (line:505) - Receiving items from the network...
DEBUG 2025-07-15 05:47:02,014 messagepacker get (line:66) - Assigned msg_id = 7527181106878775096 to GetStateRequest (108be9a90)
DEBUG 2025-07-15 05:47:02,015 mtprotosender _send_loop (line:469) - Encrypting 1 message(s) in 20 bytes for sending
DEBUG 2025-07-15 05:47:02,015 mtprotosender _send_loop (line:495) - Encrypted messages put in a queue to be sent
DEBUG 2025-07-15 05:47:02,015 mtprotosender _send_loop (line:460) - Waiting for messages to send...
DEBUG 2025-07-15 05:47:02,015 messagepacker get (line:66) - Assigned msg_id = 7527181106881942252 to MsgsAck (108a71ba0)
DEBUG 2025-07-15 05:47:02,015 mtprotosender _send_loop (line:469) - Encrypting 1 message(s) in 36 bytes for sending
DEBUG 2025-07-15 05:47:02,016 mtprotosender _send_loop (line:495) - Encrypted messages put in a queue to be sent
DEBUG 2025-07-15 05:47:02,016 mtprotosender _send_loop (line:460) - Waiting for messages to send...
DEBUG 2025-07-15 05:47:02,205 mtprotosender _handle_rpc_result (line:607) - Handling RPC result for message 7527181106878775096
DEBUG 2025-07-15 05:47:02,205 mtprotosender _recv_loop (line:505) - Receiving items from the network...
DEBUG 2025-07-15 05:47:02,206 messagepacker get (line:66) - Assigned msg_id = 7527181107644683340 to GetDifferenceRequest (108be9a90)
DEBUG 2025-07-15 05:47:02,206 mtprotosender _send_loop (line:469) - Encrypting 1 message(s) in 36 bytes for sending
DEBUG 2025-07-15 05:47:02,207 mtprotosender _send_loop (line:495) - Encrypted messages put in a queue to be sent
DEBUG 2025-07-15 05:47:02,207 mtprotosender _send_loop (line:460) - Waiting for messages to send...
DEBUG 2025-07-15 05:47:02,207 messagepacker get (line:66) - Assigned msg_id = 7527181107648658252 to MsgsAck (108a71e00)
DEBUG 2025-07-15 05:47:02,207 mtprotosender _send_loop (line:469) - Encrypting 1 message(s) in 36 bytes for sending
DEBUG 2025-07-15 05:47:02,207 mtprotosender _send_loop (line:495) - Encrypted messages put in a queue to be sent
DEBUG 2025-07-15 05:47:02,208 mtprotosender _send_loop (line:460) - Waiting for messages to send...
DEBUG 2025-07-15 05:47:02,416 mtprotosender _handle_rpc_result (line:607) - Handling RPC result for message 7527181107644683340
DEBUG 2025-07-15 05:47:02,417 mtprotosender _recv_loop (line:505) - Receiving items from the network...
DEBUG 2025-07-15 05:47:03,423 messagepacker get (line:66) - Assigned msg_id = 7527181112808378320 to ResolveUsernameRequest (108be97f0)
DEBUG 2025-07-15 05:47:03,423 mtprotosender _send_loop (line:469) - Encrypting 1 message(s) in 36 bytes for sending
DEBUG 2025-07-15 05:47:03,424 mtprotosender _send_loop (line:495) - Encrypted messages put in a queue to be sent
DEBUG 2025-07-15 05:47:03,424 mtprotosender _send_loop (line:460) - Waiting for messages to send...
DEBUG 2025-07-15 05:47:03,425 messagepacker get (line:66) - Assigned msg_id = 7527181112813402276 to MsgsAck (1081aa690)
DEBUG 2025-07-15 05:47:03,425 mtprotosender _send_loop (line:469) - Encrypting 1 message(s) in 36 bytes for sending
DEBUG 2025-07-15 05:47:03,425 mtprotosender _send_loop (line:495) - Encrypted messages put in a queue to be sent
DEBUG 2025-07-15 05:47:03,426 mtprotosender _send_loop (line:460) - Waiting for messages to send...
DEBUG 2025-07-15 05:47:03,426 mtprotosender _handle_update (line:683) - Handling update UpdateShort
DEBUG 2025-07-15 05:47:03,426 mtprotosender _recv_loop (line:505) - Receiving items from the network...
DEBUG 2025-07-15 05:47:03,429 mtprotosender _handle_update (line:683) - Handling update Updates
DEBUG 2025-07-15 05:47:03,429 mtprotosender _recv_loop (line:505) - Receiving items from the network...
DEBUG 2025-07-15 05:47:03,621 mtprotosender _handle_rpc_result (line:607) - Handling RPC result for message 7527181112808378320
DEBUG 2025-07-15 05:47:03,621 mtprotosender _recv_loop (line:505) - Receiving items from the network...
DEBUG 2025-07-15 05:47:03,622 messagepacker get (line:66) - Assigned msg_id = 7527181113603562456 to GetFullChannelRequest (108be8830)
DEBUG 2025-07-15 05:47:03,622 mtprotosender _send_loop (line:469) - Encrypting 1 message(s) in 40 bytes for sending
DEBUG 2025-07-15 05:47:03,622 mtprotosender _send_loop (line:495) - Encrypted messages put in a queue to be sent
DEBUG 2025-07-15 05:47:03,622 mtprotosender _send_loop (line:460) - Waiting for messages to send...
DEBUG 2025-07-15 05:47:03,622 messagepacker get (line:66) - Assigned msg_id = 7527181113605662444 to MsgsAck (108b1ae00)
DEBUG 2025-07-15 05:47:03,622 mtprotosender _send_loop (line:469) - Encrypting 1 message(s) in 52 bytes for sending
DEBUG 2025-07-15 05:47:03,623 mtprotosender _send_loop (line:495) - Encrypted messages put in a queue to be sent
DEBUG 2025-07-15 05:47:03,623 mtprotosender _send_loop (line:460) - Waiting for messages to send...
DEBUG 2025-07-15 05:47:03,839 mtprotosender _handle_rpc_result (line:607) - Handling RPC result for message 7527181113603562456
DEBUG 2025-07-15 05:47:03,841 mtprotosender _recv_loop (line:505) - Receiving items from the network...
DEBUG 2025-07-15 05:47:03,842 messagepacker get (line:66) - Assigned msg_id = 7527181114483754256 to GetMessagesRequest (108be9940)
DEBUG 2025-07-15 05:47:03,842 mtprotosender _send_loop (line:469) - Encrypting 1 message(s) in 56 bytes for sending
DEBUG 2025-07-15 05:47:03,842 mtprotosender _send_loop (line:495) - Encrypted messages put in a queue to be sent
DEBUG 2025-07-15 05:47:03,842 mtprotosender _send_loop (line:460) - Waiting for messages to send...
DEBUG 2025-07-15 05:47:03,843 messagepacker get (line:66) - Assigned msg_id = 7527181114486521820 to MsgsAck (108b1b020)
DEBUG 2025-07-15 05:47:03,843 mtprotosender _send_loop (line:469) - Encrypting 1 message(s) in 36 bytes for sending
DEBUG 2025-07-15 05:47:03,843 mtprotosender _send_loop (line:495) - Encrypted messages put in a queue to be sent
DEBUG 2025-07-15 05:47:03,844 mtprotosender _send_loop (line:460) - Waiting for messages to send...
DEBUG 2025-07-15 05:47:04,047 mtprotosender _handle_rpc_result (line:607) - Handling RPC result for message 7527181114483754256
DEBUG 2025-07-15 05:47:04,048 mtprotosender _recv_loop (line:505) - Receiving items from the network...
DEBUG 2025-07-15 05:47:04,049 messagepacker get (line:66) - Assigned msg_id = 7527181115608809216 to GetHistoryRequest (108bebe00)
DEBUG 2025-07-15 05:47:04,050 mtprotosender _send_loop (line:469) - Encrypting 1 message(s) in 72 bytes for sending
DEBUG 2025-07-15 05:47:04,050 mtprotosender _send_loop (line:495) - Encrypted messages put in a queue to be sent
DEBUG 2025-07-15 05:47:04,050 mtprotosender _send_loop (line:460) - Waiting for messages to send...
DEBUG 2025-07-15 05:47:04,050 messagepacker get (line:66) - Assigned msg_id = 7527181115611137136 to MsgsAck (108b26450)
DEBUG 2025-07-15 05:47:04,050 mtprotosender _send_loop (line:469) - Encrypting 1 message(s) in 36 bytes for sending
DEBUG 2025-07-15 05:47:04,050 mtprotosender _send_loop (line:495) - Encrypted messages put in a queue to be sent
DEBUG 2025-07-15 05:47:04,051 mtprotosender _send_loop (line:460) - Waiting for messages to send...
DEBUG 2025-07-15 05:47:04,402 mtprotosender _handle_rpc_result (line:607) - Handling RPC result for message 7527181115608809216
DEBUG 2025-07-15 05:47:04,407 mtprotosender _recv_loop (line:505) - Receiving items from the network...
INFO 2025-07-15 05:47:04,410 mtprotosender _disconnect (line:319) - Disconnecting from 149.154.167.51:443/TcpFull...
DEBUG 2025-07-15 05:47:04,410 mtprotosender _disconnect (line:322) - Closing current connection...
DEBUG 2025-07-15 05:47:04,410 mtprotosender _disconnect (line:325) - Cancelling 0 pending message(s)...
INFO 2025-07-15 05:47:04,411 mtprotosender _disconnect (line:339) - Disconnection from 149.154.167.51:443/TcpFull complete!
INFO 2025-07-15 05:47:04,552 basehttp log_message (line:213) - "POST /parser/ HTTP/1.1" 302 0
INFO 2025-07-15 05:47:04,579 basehttp log_message (line:213) - "GET /parser/list HTTP/1.1" 200 7500
INFO 2025-07-15 05:48:19,562 basehttp log_message (line:213) - "GET /parser/ HTTP/1.1" 200 5233
INFO 2025-07-15 05:48:51,319 basehttp log_message (line:213) - "GET /parser/2324354 HTTP/1.1" 301 0
WARNING 2025-07-15 05:48:51,459 log log_response (line:253) - Not Found: /parser/2324354/
WARNING 2025-07-15 05:48:51,460 basehttp log_message (line:213) - "GET /parser/2324354/ HTTP/1.1" 404 3372
INFO 2025-07-15 06:37:50,607 autoreload run_with_reloader (line:667) - Watching for file changes with StatReloader
INFO 2025-07-15 06:37:50,712 aes <module> (line:23) - libssl detected, it will be used for encryption
INFO 2025-07-15 06:38:03,115 autoreload trigger_reload (line:265) - /Users/macbook/PycharmProjects/tg_parser_example/parserexample/parser/parser.py changed, reloading.
INFO 2025-07-15 06:38:03,469 autoreload run_with_reloader (line:667) - Watching for file changes with StatReloader
INFO 2025-07-15 06:38:03,482 aes <module> (line:23) - libssl detected, it will be used for encryption
INFO 2025-07-15 06:38:10,705 autoreload trigger_reload (line:265) - /Users/macbook/PycharmProjects/tg_parser_example/parserexample/parser/parser.py changed, reloading.
INFO 2025-07-15 06:38:11,064 autoreload run_with_reloader (line:667) - Watching for file changes with StatReloader
INFO 2025-07-15 06:38:11,079 aes <module> (line:23) - libssl detected, it will be used for encryption
INFO 2025-07-15 06:38:29,431 autoreload trigger_reload (line:265) - /Users/macbook/PycharmProjects/tg_parser_example/parserexample/parser/parser.py changed, reloading.
INFO 2025-07-15 06:38:29,763 autoreload run_with_reloader (line:667) - Watching for file changes with StatReloader
INFO 2025-07-15 06:38:29,776 aes <module> (line:23) - libssl detected, it will be used for encryption
INFO 2025-07-15 06:38:33,107 basehttp log_message (line:213) - "GET / HTTP/1.1" 200 3358
INFO 2025-07-15 06:38:35,465 basehttp log_message (line:213) - "GET /parser/ HTTP/1.1" 200 5233
DEBUG 2025-07-15 06:38:45,362 selector_events __init__ (line:64) - Using selector: KqueueSelector
INFO 2025-07-15 06:38:45,366 mtprotosender _connect (line:228) - Connecting to 149.154.167.51:443/TcpFull...
DEBUG 2025-07-15 06:38:45,366 mtprotosender _try_connect (line:283) - Connection attempt 1...
DEBUG 2025-07-15 06:38:45,367 mtprotosender _try_connect (line:285) - Connection success!
DEBUG 2025-07-15 06:38:45,367 mtprotosender _connect (line:267) - Starting send loop
DEBUG 2025-07-15 06:38:45,367 mtprotosender _connect (line:270) - Starting receive loop
INFO 2025-07-15 06:38:45,367 mtprotosender _connect (line:279) - Connection to 149.154.167.51:443/TcpFull complete!
DEBUG 2025-07-15 06:38:45,368 mtprotosender _send_loop (line:460) - Waiting for messages to send...
DEBUG 2025-07-15 06:38:45,368 messagepacker get (line:66) - Assigned msg_id = 7527194435575973708 to InvokeWithLayerRequest (106561be0)
DEBUG 2025-07-15 06:38:45,368 mtprotosender _send_loop (line:469) - Encrypting 1 message(s) in 76 bytes for sending
DEBUG 2025-07-15 06:38:45,371 mtprotosender _send_loop (line:495) - Encrypted messages put in a queue to be sent
DEBUG 2025-07-15 06:38:45,371 mtprotosender _send_loop (line:460) - Waiting for messages to send...
DEBUG 2025-07-15 06:38:45,371 mtprotosender _recv_loop (line:505) - Receiving items from the network...
DEBUG 2025-07-15 06:38:45,936 mtprotosender _handle_bad_server_salt (line:750) - Handling bad salt for message 7527194435575973708
DEBUG 2025-07-15 06:38:45,936 mtprotosender _handle_bad_server_salt (line:755) - 1 message(s) will be resent
DEBUG 2025-07-15 06:38:45,936 mtprotosender _recv_loop (line:505) - Receiving items from the network...
DEBUG 2025-07-15 06:38:45,936 messagepacker get (line:66) - Assigned msg_id = 7527194437850458344 to InvokeWithLayerRequest (106561be0)
DEBUG 2025-07-15 06:38:45,937 mtprotosender _send_loop (line:469) - Encrypting 1 message(s) in 76 bytes for sending
DEBUG 2025-07-15 06:38:45,937 mtprotosender _send_loop (line:495) - Encrypted messages put in a queue to be sent
DEBUG 2025-07-15 06:38:45,937 mtprotosender _send_loop (line:460) - Waiting for messages to send...
DEBUG 2025-07-15 06:38:45,937 messagepacker get (line:66) - Assigned msg_id = 7527194437853498656 to MsgsAck (106561fd0)
DEBUG 2025-07-15 06:38:45,937 mtprotosender _send_loop (line:469) - Encrypting 1 message(s) in 36 bytes for sending
DEBUG 2025-07-15 06:38:45,938 mtprotosender _send_loop (line:495) - Encrypted messages put in a queue to be sent
DEBUG 2025-07-15 06:38:45,938 mtprotosender _send_loop (line:460) - Waiting for messages to send...
DEBUG 2025-07-15 06:38:46,123 mtprotosender _handle_container (line:657) - Handling container
DEBUG 2025-07-15 06:38:46,123 mtprotosender _handle_new_session_created (line:825) - Handling new session created
DEBUG 2025-07-15 06:38:46,124 mtprotosender _handle_ack (line:844) - Handling acknowledge for [7527194437850458344]
DEBUG 2025-07-15 06:38:46,124 mtprotosender _recv_loop (line:505) - Receiving items from the network...
DEBUG 2025-07-15 06:38:46,150 mtprotosender _handle_rpc_result (line:607) - Handling RPC result for message 7527194437850458344
DEBUG 2025-07-15 06:38:46,151 mtprotosender _recv_loop (line:505) - Receiving items from the network...
DEBUG 2025-07-15 06:38:46,152 messagepacker get (line:66) - Assigned msg_id = 7527194439007962068 to GetUsersRequest (1065623c0)
DEBUG 2025-07-15 06:38:46,152 mtprotosender _send_loop (line:469) - Encrypting 1 message(s) in 32 bytes for sending
DEBUG 2025-07-15 06:38:46,153 mtprotosender _send_loop (line:495) - Encrypted messages put in a queue to be sent
DEBUG 2025-07-15 06:38:46,153 mtprotosender _send_loop (line:460) - Waiting for messages to send...
DEBUG 2025-07-15 06:38:46,153 messagepacker get (line:66) - Assigned msg_id = 7527194439010993800 to MsgsAck (106508550)
DEBUG 2025-07-15 06:38:46,153 mtprotosender _send_loop (line:469) - Encrypting 1 message(s) in 60 bytes for sending
DEBUG 2025-07-15 06:38:46,153 mtprotosender _send_loop (line:495) - Encrypted messages put in a queue to be sent
DEBUG 2025-07-15 06:38:46,154 mtprotosender _send_loop (line:460) - Waiting for messages to send...
DEBUG 2025-07-15 06:38:46,412 mtprotosender _handle_rpc_result (line:607) - Handling RPC result for message 7527194439007962068
DEBUG 2025-07-15 06:38:46,413 mtprotosender _recv_loop (line:505) - Receiving items from the network...
DEBUG 2025-07-15 06:38:46,414 messagepacker get (line:66) - Assigned msg_id = 7527194440054681620 to GetStateRequest (1065623c0)
DEBUG 2025-07-15 06:38:46,414 mtprotosender _send_loop (line:469) - Encrypting 1 message(s) in 20 bytes for sending
DEBUG 2025-07-15 06:38:46,414 mtprotosender _send_loop (line:495) - Encrypted messages put in a queue to be sent
DEBUG 2025-07-15 06:38:46,414 mtprotosender _send_loop (line:460) - Waiting for messages to send...
DEBUG 2025-07-15 06:38:46,415 messagepacker get (line:66) - Assigned msg_id = 7527194440057793460 to MsgsAck (10628fce0)
DEBUG 2025-07-15 06:38:46,415 mtprotosender _send_loop (line:469) - Encrypting 1 message(s) in 36 bytes for sending
DEBUG 2025-07-15 06:38:46,415 mtprotosender _send_loop (line:495) - Encrypted messages put in a queue to be sent
DEBUG 2025-07-15 06:38:46,415 mtprotosender _send_loop (line:460) - Waiting for messages to send...
DEBUG 2025-07-15 06:38:46,620 mtprotosender _handle_rpc_result (line:607) - Handling RPC result for message 7527194440054681620
DEBUG 2025-07-15 06:38:46,620 mtprotosender _recv_loop (line:505) - Receiving items from the network...
DEBUG 2025-07-15 06:38:46,621 messagepacker get (line:66) - Assigned msg_id = 7527194440883242448 to GetDifferenceRequest (1065623c0)
DEBUG 2025-07-15 06:38:46,621 mtprotosender _send_loop (line:469) - Encrypting 1 message(s) in 36 bytes for sending
DEBUG 2025-07-15 06:38:46,621 mtprotosender _send_loop (line:495) - Encrypted messages put in a queue to be sent
DEBUG 2025-07-15 06:38:46,622 mtprotosender _send_loop (line:460) - Waiting for messages to send...
DEBUG 2025-07-15 06:38:46,622 messagepacker get (line:66) - Assigned msg_id = 7527194440887197336 to MsgsAck (10628fbb0)
DEBUG 2025-07-15 06:38:46,622 mtprotosender _send_loop (line:469) - Encrypting 1 message(s) in 36 bytes for sending
DEBUG 2025-07-15 06:38:46,623 mtprotosender _send_loop (line:495) - Encrypted messages put in a queue to be sent
DEBUG 2025-07-15 06:38:46,623 mtprotosender _send_loop (line:460) - Waiting for messages to send...
DEBUG 2025-07-15 06:38:46,819 mtprotosender _handle_rpc_result (line:607) - Handling RPC result for message 7527194440883242448
DEBUG 2025-07-15 06:38:46,819 mtprotosender _recv_loop (line:505) - Receiving items from the network...
DEBUG 2025-07-15 06:38:47,824 messagepacker get (line:66) - Assigned msg_id = 7527194445988856756 to ResolveUsernameRequest (106562120)
DEBUG 2025-07-15 06:38:47,824 mtprotosender _send_loop (line:469) - Encrypting 1 message(s) in 40 bytes for sending
DEBUG 2025-07-15 06:38:47,824 mtprotosender _send_loop (line:495) - Encrypted messages put in a queue to be sent
DEBUG 2025-07-15 06:38:47,824 mtprotosender _send_loop (line:460) - Waiting for messages to send...
DEBUG 2025-07-15 06:38:47,825 messagepacker get (line:66) - Assigned msg_id = 7527194445993180716 to MsgsAck (105becef0)
DEBUG 2025-07-15 06:38:47,825 mtprotosender _send_loop (line:469) - Encrypting 1 message(s) in 36 bytes for sending
DEBUG 2025-07-15 06:38:47,825 mtprotosender _send_loop (line:495) - Encrypted messages put in a queue to be sent
DEBUG 2025-07-15 06:38:47,825 mtprotosender _send_loop (line:460) - Waiting for messages to send...
DEBUG 2025-07-15 06:38:48,108 mtprotosender _handle_rpc_result (line:607) - Handling RPC result for message 7527194445988856756
DEBUG 2025-07-15 06:38:48,109 mtprotosender _recv_loop (line:505) - Receiving items from the network...
DEBUG 2025-07-15 06:38:48,110 messagepacker get (line:66) - Assigned msg_id = 7527194447431157196 to GetHistoryRequest (106562120)
DEBUG 2025-07-15 06:38:48,111 mtprotosender _send_loop (line:469) - Encrypting 1 message(s) in 72 bytes for sending
DEBUG 2025-07-15 06:38:48,111 mtprotosender _send_loop (line:495) - Encrypted messages put in a queue to be sent
DEBUG 2025-07-15 06:38:48,111 mtprotosender _send_loop (line:460) - Waiting for messages to send...
DEBUG 2025-07-15 06:38:48,111 messagepacker get (line:66) - Assigned msg_id = 7527194447434452144 to MsgsAck (1065a5590)
DEBUG 2025-07-15 06:38:48,111 mtprotosender _send_loop (line:469) - Encrypting 1 message(s) in 36 bytes for sending
DEBUG 2025-07-15 06:38:48,112 mtprotosender _send_loop (line:495) - Encrypted messages put in a queue to be sent
DEBUG 2025-07-15 06:38:48,112 mtprotosender _send_loop (line:460) - Waiting for messages to send...
DEBUG 2025-07-15 06:38:48,488 mtprotosender _handle_rpc_result (line:607) - Handling RPC result for message 7527194447431157196
DEBUG 2025-07-15 06:38:48,500 mtprotosender _recv_loop (line:505) - Receiving items from the network...
DEBUG 2025-07-15 06:38:48,500 messagepacker get (line:66) - Assigned msg_id = 7527194448990543452 to GetFullChannelRequest (106561160)
DEBUG 2025-07-15 06:38:48,500 mtprotosender _send_loop (line:469) - Encrypting 1 message(s) in 40 bytes for sending
DEBUG 2025-07-15 06:38:48,500 mtprotosender _send_loop (line:495) - Encrypted messages put in a queue to be sent
DEBUG 2025-07-15 06:38:48,500 mtprotosender _send_loop (line:460) - Waiting for messages to send...
DEBUG 2025-07-15 06:38:48,501 messagepacker get (line:66) - Assigned msg_id = 7527194448991772736 to MsgsAck (1065a56a0)
DEBUG 2025-07-15 06:38:48,501 mtprotosender _send_loop (line:469) - Encrypting 1 message(s) in 36 bytes for sending
DEBUG 2025-07-15 06:38:48,501 mtprotosender _send_loop (line:495) - Encrypted messages put in a queue to be sent
DEBUG 2025-07-15 06:38:48,501 mtprotosender _send_loop (line:460) - Waiting for messages to send...
DEBUG 2025-07-15 06:38:48,865 mtprotosender _handle_rpc_result (line:607) - Handling RPC result for message 7527194448990543452
DEBUG 2025-07-15 06:38:48,866 mtprotosender _recv_loop (line:505) - Receiving items from the network...
DEBUG 2025-07-15 06:38:48,867 messagepacker get (line:66) - Assigned msg_id = 7527194450456508724 to GetMessagesRequest (106562120)
DEBUG 2025-07-15 06:38:48,867 mtprotosender _send_loop (line:469) - Encrypting 1 message(s) in 56 bytes for sending
DEBUG 2025-07-15 06:38:48,867 mtprotosender _send_loop (line:495) - Encrypted messages put in a queue to be sent
DEBUG 2025-07-15 06:38:48,867 mtprotosender _send_loop (line:460) - Waiting for messages to send...
DEBUG 2025-07-15 06:38:48,868 messagepacker get (line:66) - Assigned msg_id = 7527194450459868516 to MsgsAck (1065af950)
DEBUG 2025-07-15 06:38:48,868 mtprotosender _send_loop (line:469) - Encrypting 1 message(s) in 36 bytes for sending
DEBUG 2025-07-15 06:38:48,868 mtprotosender _send_loop (line:495) - Encrypted messages put in a queue to be sent
DEBUG 2025-07-15 06:38:48,868 mtprotosender _send_loop (line:460) - Waiting for messages to send...
DEBUG 2025-07-15 06:38:49,119 mtprotosender _handle_rpc_result (line:607) - Handling RPC result for message 7527194450456508724
DEBUG 2025-07-15 06:38:49,120 mtprotosender _recv_loop (line:505) - Receiving items from the network...
INFO 2025-07-15 06:38:49,121 mtprotosender _disconnect (line:319) - Disconnecting from 149.154.167.51:443/TcpFull...
DEBUG 2025-07-15 06:38:49,121 mtprotosender _disconnect (line:322) - Closing current connection...
DEBUG 2025-07-15 06:38:49,122 mtprotosender _disconnect (line:325) - Cancelling 0 pending message(s)...
INFO 2025-07-15 06:38:49,122 mtprotosender _disconnect (line:339) - Disconnection from 149.154.167.51:443/TcpFull complete!
INFO 2025-07-15 06:38:49,127 basehttp log_message (line:213) - "POST /parser/ HTTP/1.1" 200 5256
INFO 2025-07-15 06:38:51,177 basehttp log_message (line:213) - "GET /parser/list HTTP/1.1" 200 6937
INFO 2025-07-15 06:38:52,596 basehttp log_message (line:213) - "GET /parser/1/ HTTP/1.1" 200 13365
INFO 2025-07-15 06:40:07,756 basehttp log_message (line:213) - "GET /parser/ HTTP/1.1" 200 5233
INFO 2025-07-15 06:40:11,392 basehttp log_message (line:213) - "GET /parser/list HTTP/1.1" 200 6937
INFO 2025-07-15 06:40:12,544 basehttp log_message (line:213) - "GET /parser/2/ HTTP/1.1" 200 15735
INFO 2025-07-15 06:40:23,516 basehttp log_message (line:213) - "GET /parser/ HTTP/1.1" 200 5233
DEBUG 2025-07-15 06:40:25,156 selector_events __init__ (line:64) - Using selector: KqueueSelector
INFO 2025-07-15 06:40:25,161 mtprotosender _connect (line:228) - Connecting to 149.154.167.51:443/TcpFull...
DEBUG 2025-07-15 06:40:25,162 mtprotosender _try_connect (line:283) - Connection attempt 1...
DEBUG 2025-07-15 06:40:25,163 mtprotosender _try_connect (line:285) - Connection success!
DEBUG 2025-07-15 06:40:25,164 mtprotosender _connect (line:267) - Starting send loop
DEBUG 2025-07-15 06:40:25,164 mtprotosender _connect (line:270) - Starting receive loop
INFO 2025-07-15 06:40:25,164 mtprotosender _connect (line:279) - Connection to 149.154.167.51:443/TcpFull complete!
DEBUG 2025-07-15 06:40:25,164 mtprotosender _send_loop (line:460) - Waiting for messages to send...
DEBUG 2025-07-15 06:40:25,165 messagepacker get (line:66) - Assigned msg_id = 7527194864260084100 to InvokeWithLayerRequest (1065b3610)
DEBUG 2025-07-15 06:40:25,165 mtprotosender _send_loop (line:469) - Encrypting 1 message(s) in 76 bytes for sending
DEBUG 2025-07-15 06:40:25,168 mtprotosender _send_loop (line:495) - Encrypted messages put in a queue to be sent
DEBUG 2025-07-15 06:40:25,168 mtprotosender _send_loop (line:460) - Waiting for messages to send...
DEBUG 2025-07-15 06:40:25,169 mtprotosender _recv_loop (line:505) - Receiving items from the network...
DEBUG 2025-07-15 06:40:25,565 mtprotosender _handle_bad_server_salt (line:750) - Handling bad salt for message 7527194864260084100
DEBUG 2025-07-15 06:40:25,565 mtprotosender _handle_bad_server_salt (line:755) - 1 message(s) will be resent
DEBUG 2025-07-15 06:40:25,565 mtprotosender _recv_loop (line:505) - Receiving items from the network...
DEBUG 2025-07-15 06:40:25,566 messagepacker get (line:66) - Assigned msg_id = 7527194865865408844 to InvokeWithLayerRequest (1065b3610)
DEBUG 2025-07-15 06:40:25,566 mtprotosender _send_loop (line:469) - Encrypting 1 message(s) in 76 bytes for sending
DEBUG 2025-07-15 06:40:25,567 mtprotosender _send_loop (line:495) - Encrypted messages put in a queue to be sent
DEBUG 2025-07-15 06:40:25,567 mtprotosender _send_loop (line:460) - Waiting for messages to send...
DEBUG 2025-07-15 06:40:25,567 messagepacker get (line:66) - Assigned msg_id = 7527194865869296020 to MsgsAck (1065aee50)
DEBUG 2025-07-15 06:40:25,567 mtprotosender _send_loop (line:469) - Encrypting 1 message(s) in 36 bytes for sending
DEBUG 2025-07-15 06:40:25,568 mtprotosender _send_loop (line:495) - Encrypted messages put in a queue to be sent
DEBUG 2025-07-15 06:40:25,568 mtprotosender _send_loop (line:460) - Waiting for messages to send...
DEBUG 2025-07-15 06:40:25,754 mtprotosender _handle_container (line:657) - Handling container
DEBUG 2025-07-15 06:40:25,754 mtprotosender _handle_new_session_created (line:825) - Handling new session created
DEBUG 2025-07-15 06:40:25,755 mtprotosender _handle_ack (line:844) - Handling acknowledge for [7527194865865408844]
DEBUG 2025-07-15 06:40:25,755 mtprotosender _recv_loop (line:505) - Receiving items from the network...
DEBUG 2025-07-15 06:40:25,757 mtprotosender _handle_rpc_result (line:607) - Handling RPC result for message 7527194865865408844
DEBUG 2025-07-15 06:40:25,758 mtprotosender _recv_loop (line:505) - Receiving items from the network...
DEBUG 2025-07-15 06:40:25,759 messagepacker get (line:66) - Assigned msg_id = 7527194866636336272 to GetUsersRequest (1065b3b10)
DEBUG 2025-07-15 06:40:25,759 mtprotosender _send_loop (line:469) - Encrypting 1 message(s) in 32 bytes for sending
DEBUG 2025-07-15 06:40:25,759 mtprotosender _send_loop (line:495) - Encrypted messages put in a queue to be sent
DEBUG 2025-07-15 06:40:25,759 mtprotosender _send_loop (line:460) - Waiting for messages to send...
DEBUG 2025-07-15 06:40:25,759 messagepacker get (line:66) - Assigned msg_id = 7527194866638944572 to MsgsAck (1064fb3e0)
DEBUG 2025-07-15 06:40:25,759 mtprotosender _send_loop (line:469) - Encrypting 1 message(s) in 60 bytes for sending
DEBUG 2025-07-15 06:40:25,760 mtprotosender _send_loop (line:495) - Encrypted messages put in a queue to be sent
DEBUG 2025-07-15 06:40:25,760 mtprotosender _send_loop (line:460) - Waiting for messages to send...
DEBUG 2025-07-15 06:40:25,997 mtprotosender _handle_rpc_result (line:607) - Handling RPC result for message 7527194866636336272
DEBUG 2025-07-15 06:40:25,998 mtprotosender _recv_loop (line:505) - Receiving items from the network...
DEBUG 2025-07-15 06:40:25,999 messagepacker get (line:66) - Assigned msg_id = 7527194867597576088 to GetStateRequest (1065b3b10)
DEBUG 2025-07-15 06:40:25,999 mtprotosender _send_loop (line:469) - Encrypting 1 message(s) in 20 bytes for sending
DEBUG 2025-07-15 06:40:26,000 mtprotosender _send_loop (line:495) - Encrypted messages put in a queue to be sent
DEBUG 2025-07-15 06:40:26,000 mtprotosender _send_loop (line:460) - Waiting for messages to send...
DEBUG 2025-07-15 06:40:26,000 messagepacker get (line:66) - Assigned msg_id = 7527194867897011348 to MsgsAck (106674c90)
DEBUG 2025-07-15 06:40:26,000 mtprotosender _send_loop (line:469) - Encrypting 1 message(s) in 36 bytes for sending
DEBUG 2025-07-15 06:40:26,001 mtprotosender _send_loop (line:495) - Encrypted messages put in a queue to be sent
DEBUG 2025-07-15 06:40:26,001 mtprotosender _send_loop (line:460) - Waiting for messages to send...
DEBUG 2025-07-15 06:40:26,289 mtprotosender _handle_rpc_result (line:607) - Handling RPC result for message 7527194867597576088
DEBUG 2025-07-15 06:40:26,290 mtprotosender _recv_loop (line:505) - Receiving items from the network...
DEBUG 2025-07-15 06:40:26,291 messagepacker get (line:66) - Assigned msg_id = 7527194869059335300 to GetDifferenceRequest (1065b3b10)
DEBUG 2025-07-15 06:40:26,291 mtprotosender _send_loop (line:469) - Encrypting 1 message(s) in 36 bytes for sending
DEBUG 2025-07-15 06:40:26,291 mtprotosender _send_loop (line:495) - Encrypted messages put in a queue to be sent
DEBUG 2025-07-15 06:40:26,292 mtprotosender _send_loop (line:460) - Waiting for messages to send...
DEBUG 2025-07-15 06:40:26,292 messagepacker get (line:66) - Assigned msg_id = 7527194869063850948 to MsgsAck (106675010)
DEBUG 2025-07-15 06:40:26,292 mtprotosender _send_loop (line:469) - Encrypting 1 message(s) in 36 bytes for sending
DEBUG 2025-07-15 06:40:26,293 mtprotosender _send_loop (line:495) - Encrypted messages put in a queue to be sent
DEBUG 2025-07-15 06:40:26,293 mtprotosender _send_loop (line:460) - Waiting for messages to send...
DEBUG 2025-07-15 06:40:26,818 mtprotosender _handle_rpc_result (line:607) - Handling RPC result for message 7527194869059335300
DEBUG 2025-07-15 06:40:26,818 mtprotosender _recv_loop (line:505) - Receiving items from the network...
DEBUG 2025-07-15 06:40:27,825 messagepacker get (line:66) - Assigned msg_id = 7527194875491434288 to ResolveUsernameRequest (1065b0cd0)
DEBUG 2025-07-15 06:40:27,826 mtprotosender _send_loop (line:469) - Encrypting 1 message(s) in 36 bytes for sending
DEBUG 2025-07-15 06:40:27,826 mtprotosender _send_loop (line:495) - Encrypted messages put in a queue to be sent
DEBUG 2025-07-15 06:40:27,826 mtprotosender _send_loop (line:460) - Waiting for messages to send...
DEBUG 2025-07-15 06:40:27,826 messagepacker get (line:66) - Assigned msg_id = 7527194875496042440 to MsgsAck (106473ee0)
DEBUG 2025-07-15 06:40:27,826 mtprotosender _send_loop (line:469) - Encrypting 1 message(s) in 36 bytes for sending
DEBUG 2025-07-15 06:40:27,827 mtprotosender _send_loop (line:495) - Encrypted messages put in a queue to be sent
DEBUG 2025-07-15 06:40:27,827 mtprotosender _send_loop (line:460) - Waiting for messages to send...
DEBUG 2025-07-15 06:40:28,050 mtprotosender _handle_update (line:683) - Handling update UpdateShort
DEBUG 2025-07-15 06:40:28,050 mtprotosender _recv_loop (line:505) - Receiving items from the network...
DEBUG 2025-07-15 06:40:28,053 mtprotosender _handle_update (line:683) - Handling update Updates
DEBUG 2025-07-15 06:40:28,053 mtprotosender _recv_loop (line:505) - Receiving items from the network...
DEBUG 2025-07-15 06:40:28,055 mtprotosender _handle_update (line:683) - Handling update Updates
DEBUG 2025-07-15 06:40:28,055 mtprotosender _recv_loop (line:505) - Receiving items from the network...
DEBUG 2025-07-15 06:40:28,056 mtprotosender _handle_ack (line:844) - Handling acknowledge for [7527194875491434288]
DEBUG 2025-07-15 06:40:28,056 mtprotosender _recv_loop (line:505) - Receiving items from the network...
DEBUG 2025-07-15 06:40:28,056 mtprotosender _handle_rpc_result (line:607) - Handling RPC result for message 7527194875491434288
DEBUG 2025-07-15 06:40:28,057 mtprotosender _recv_loop (line:505) - Receiving items from the network...
DEBUG 2025-07-15 06:40:28,058 messagepacker get (line:66) - Assigned msg_id = 7527194876717533900 to GetHistoryRequest (1065b1090)
DEBUG 2025-07-15 06:40:28,058 mtprotosender _send_loop (line:469) - Encrypting 1 message(s) in 72 bytes for sending
DEBUG 2025-07-15 06:40:28,058 mtprotosender _send_loop (line:495) - Encrypted messages put in a queue to be sent
DEBUG 2025-07-15 06:40:28,058 mtprotosender _send_loop (line:460) - Waiting for messages to send...
DEBUG 2025-07-15 06:40:28,058 messagepacker get (line:66) - Assigned msg_id = 7527194876720409228 to MsgsAck (1065dcb90)
DEBUG 2025-07-15 06:40:28,059 mtprotosender _send_loop (line:469) - Encrypting 1 message(s) in 68 bytes for sending
DEBUG 2025-07-15 06:40:28,059 mtprotosender _send_loop (line:495) - Encrypted messages put in a queue to be sent
DEBUG 2025-07-15 06:40:28,059 mtprotosender _send_loop (line:460) - Waiting for messages to send...
DEBUG 2025-07-15 06:40:28,394 mtprotosender _handle_rpc_result (line:607) - Handling RPC result for message 7527194876717533900
DEBUG 2025-07-15 06:40:28,403 mtprotosender _recv_loop (line:505) - Receiving items from the network...
DEBUG 2025-07-15 06:40:28,408 messagepacker get (line:66) - Assigned msg_id = 7527194878119262532 to GetFullChannelRequest (1065b0cd0)
DEBUG 2025-07-15 06:40:28,408 mtprotosender _send_loop (line:469) - Encrypting 1 message(s) in 40 bytes for sending
DEBUG 2025-07-15 06:40:28,409 mtprotosender _send_loop (line:495) - Encrypted messages put in a queue to be sent
DEBUG 2025-07-15 06:40:28,409 mtprotosender _send_loop (line:460) - Waiting for messages to send...
DEBUG 2025-07-15 06:40:28,409 messagepacker get (line:66) - Assigned msg_id = 7527194878121554208 to MsgsAck (1065915a0)
DEBUG 2025-07-15 06:40:28,409 mtprotosender _send_loop (line:469) - Encrypting 1 message(s) in 36 bytes for sending
DEBUG 2025-07-15 06:40:28,409 mtprotosender _send_loop (line:495) - Encrypted messages put in a queue to be sent
DEBUG 2025-07-15 06:40:28,409 mtprotosender _send_loop (line:460) - Waiting for messages to send...
DEBUG 2025-07-15 06:40:28,618 mtprotosender _handle_rpc_result (line:607) - Handling RPC result for message 7527194878119262532
DEBUG 2025-07-15 06:40:28,619 mtprotosender _recv_loop (line:505) - Receiving items from the network...
DEBUG 2025-07-15 06:40:28,620 messagepacker get (line:66) - Assigned msg_id = 7527194878964706256 to GetMessagesRequest (1065b1090)
DEBUG 2025-07-15 06:40:28,620 mtprotosender _send_loop (line:469) - Encrypting 1 message(s) in 56 bytes for sending
DEBUG 2025-07-15 06:40:28,620 mtprotosender _send_loop (line:495) - Encrypted messages put in a queue to be sent
DEBUG 2025-07-15 06:40:28,620 mtprotosender _send_loop (line:460) - Waiting for messages to send...
DEBUG 2025-07-15 06:40:28,620 messagepacker get (line:66) - Assigned msg_id = 7527194878967793300 to MsgsAck (106591230)
DEBUG 2025-07-15 06:40:28,620 mtprotosender _send_loop (line:469) - Encrypting 1 message(s) in 36 bytes for sending
DEBUG 2025-07-15 06:40:28,621 mtprotosender _send_loop (line:495) - Encrypted messages put in a queue to be sent
DEBUG 2025-07-15 06:40:28,621 mtprotosender _send_loop (line:460) - Waiting for messages to send...
DEBUG 2025-07-15 06:40:28,853 mtprotosender _handle_rpc_result (line:607) - Handling RPC result for message 7527194878964706256
DEBUG 2025-07-15 06:40:28,854 mtprotosender _recv_loop (line:505) - Receiving items from the network...
INFO 2025-07-15 06:40:28,855 mtprotosender _disconnect (line:319) - Disconnecting from 149.154.167.51:443/TcpFull...
DEBUG 2025-07-15 06:40:28,855 mtprotosender _disconnect (line:322) - Closing current connection...
DEBUG 2025-07-15 06:40:28,856 mtprotosender _disconnect (line:325) - Cancelling 0 pending message(s)...
INFO 2025-07-15 06:40:28,856 mtprotosender _disconnect (line:339) - Disconnection from 149.154.167.51:443/TcpFull complete!
INFO 2025-07-15 06:40:28,861 basehttp log_message (line:213) - "POST /parser/ HTTP/1.1" 200 5252
INFO 2025-07-15 06:40:31,040 basehttp log_message (line:213) - "GET /parser/list HTTP/1.1" 200 6937
INFO 2025-07-15 06:40:32,739 basehttp log_message (line:213) - "GET /parser/2/ HTTP/1.1" 200 15735
INFO 2025-07-15 06:40:43,519 basehttp log_message (line:213) - "GET /parser/2/ HTTP/1.1" 200 15735
INFO 2025-07-15 06:41:15,143 basehttp log_message (line:213) - "GET /parser/1/ HTTP/1.1" 200 13365
INFO 2025-07-15 06:41:42,189 basehttp log_message (line:213) - "GET /parser/ HTTP/1.1" 200 5233
DEBUG 2025-07-15 06:41:44,134 selector_events __init__ (line:64) - Using selector: KqueueSelector
INFO 2025-07-15 06:41:44,140 mtprotosender _connect (line:228) - Connecting to 149.154.167.51:443/TcpFull...
DEBUG 2025-07-15 06:41:44,140 mtprotosender _try_connect (line:283) - Connection attempt 1...
DEBUG 2025-07-15 06:41:44,142 mtprotosender _try_connect (line:285) - Connection success!
DEBUG 2025-07-15 06:41:44,142 mtprotosender _connect (line:267) - Starting send loop
DEBUG 2025-07-15 06:41:44,142 mtprotosender _connect (line:270) - Starting receive loop
INFO 2025-07-15 06:41:44,142 mtprotosender _connect (line:279) - Connection to 149.154.167.51:443/TcpFull complete!
DEBUG 2025-07-15 06:41:44,142 mtprotosender _send_loop (line:460) - Waiting for messages to send...
DEBUG 2025-07-15 06:41:44,142 messagepacker get (line:66) - Assigned msg_id = 7527195203473604684 to InvokeWithLayerRequest (1065b0b90)
DEBUG 2025-07-15 06:41:44,143 mtprotosender _send_loop (line:469) - Encrypting 1 message(s) in 76 bytes for sending
DEBUG 2025-07-15 06:41:44,145 mtprotosender _send_loop (line:495) - Encrypted messages put in a queue to be sent
DEBUG 2025-07-15 06:41:44,146 mtprotosender _send_loop (line:460) - Waiting for messages to send...
DEBUG 2025-07-15 06:41:44,146 mtprotosender _recv_loop (line:505) - Receiving items from the network...
DEBUG 2025-07-15 06:41:44,547 mtprotosender _handle_bad_server_salt (line:750) - Handling bad salt for message 7527195203473604684
DEBUG 2025-07-15 06:41:44,547 mtprotosender _handle_bad_server_salt (line:755) - 1 message(s) will be resent
DEBUG 2025-07-15 06:41:44,547 mtprotosender _recv_loop (line:505) - Receiving items from the network...
DEBUG 2025-07-15 06:41:44,548 messagepacker get (line:66) - Assigned msg_id = 7527195205094108112 to InvokeWithLayerRequest (1065b0b90)
DEBUG 2025-07-15 06:41:44,548 mtprotosender _send_loop (line:469) - Encrypting 1 message(s) in 76 bytes for sending
DEBUG 2025-07-15 06:41:44,549 mtprotosender _send_loop (line:495) - Encrypted messages put in a queue to be sent
DEBUG 2025-07-15 06:41:44,549 mtprotosender _send_loop (line:460) - Waiting for messages to send...
DEBUG 2025-07-15 06:41:44,549 messagepacker get (line:66) - Assigned msg_id = 7527195205100489148 to MsgsAck (106545b30)
DEBUG 2025-07-15 06:41:44,549 mtprotosender _send_loop (line:469) - Encrypting 1 message(s) in 36 bytes for sending
DEBUG 2025-07-15 06:41:44,550 mtprotosender _send_loop (line:495) - Encrypted messages put in a queue to be sent
DEBUG 2025-07-15 06:41:44,550 mtprotosender _send_loop (line:460) - Waiting for messages to send...
DEBUG 2025-07-15 06:41:44,736 mtprotosender _handle_container (line:657) - Handling container
DEBUG 2025-07-15 06:41:44,737 mtprotosender _handle_new_session_created (line:825) - Handling new session created
DEBUG 2025-07-15 06:41:44,737 mtprotosender _handle_ack (line:844) - Handling acknowledge for [7527195205094108112]
DEBUG 2025-07-15 06:41:44,737 mtprotosender _recv_loop (line:505) - Receiving items from the network...
DEBUG 2025-07-15 06:41:44,758 mtprotosender _handle_rpc_result (line:607) - Handling RPC result for message 7527195205094108112
DEBUG 2025-07-15 06:41:44,758 mtprotosender _recv_loop (line:505) - Receiving items from the network...
DEBUG 2025-07-15 06:41:44,759 messagepacker get (line:66) - Assigned msg_id = 7527195205938224324 to GetUsersRequest (1065b0b90)
DEBUG 2025-07-15 06:41:44,759 mtprotosender _send_loop (line:469) - Encrypting 1 message(s) in 32 bytes for sending
DEBUG 2025-07-15 06:41:44,759 mtprotosender _send_loop (line:495) - Encrypted messages put in a queue to be sent
DEBUG 2025-07-15 06:41:44,759 mtprotosender _send_loop (line:460) - Waiting for messages to send...
DEBUG 2025-07-15 06:41:44,759 messagepacker get (line:66) - Assigned msg_id = 7527195205938951976 to MsgsAck (1064a3c80)
DEBUG 2025-07-15 06:41:44,759 mtprotosender _send_loop (line:469) - Encrypting 1 message(s) in 60 bytes for sending
DEBUG 2025-07-15 06:41:44,759 mtprotosender _send_loop (line:495) - Encrypted messages put in a queue to be sent
DEBUG 2025-07-15 06:41:44,759 mtprotosender _send_loop (line:460) - Waiting for messages to send...
DEBUG 2025-07-15 06:41:45,031 mtprotosender _handle_rpc_result (line:607) - Handling RPC result for message 7527195205938224324
DEBUG 2025-07-15 06:41:45,032 mtprotosender _recv_loop (line:505) - Receiving items from the network...
DEBUG 2025-07-15 06:41:45,033 messagepacker get (line:66) - Assigned msg_id = 7527195207330052504 to GetStateRequest (1065b0b90)
DEBUG 2025-07-15 06:41:45,033 mtprotosender _send_loop (line:469) - Encrypting 1 message(s) in 20 bytes for sending
DEBUG 2025-07-15 06:41:45,033 mtprotosender _send_loop (line:495) - Encrypted messages put in a queue to be sent
DEBUG 2025-07-15 06:41:45,034 mtprotosender _send_loop (line:460) - Waiting for messages to send...
DEBUG 2025-07-15 06:41:45,034 messagepacker get (line:66) - Assigned msg_id = 7527195207334019788 to MsgsAck (1064fc8d0)
DEBUG 2025-07-15 06:41:45,034 mtprotosender _send_loop (line:469) - Encrypting 1 message(s) in 36 bytes for sending
DEBUG 2025-07-15 06:41:45,034 mtprotosender _send_loop (line:495) - Encrypted messages put in a queue to be sent
DEBUG 2025-07-15 06:41:45,035 mtprotosender _send_loop (line:460) - Waiting for messages to send...
DEBUG 2025-07-15 06:41:45,241 mtprotosender _handle_rpc_result (line:607) - Handling RPC result for message 7527195207330052504
DEBUG 2025-07-15 06:41:45,242 mtprotosender _recv_loop (line:505) - Receiving items from the network...
DEBUG 2025-07-15 06:41:45,242 messagepacker get (line:66) - Assigned msg_id = 7527195208168660292 to GetDifferenceRequest (1065b0b90)
DEBUG 2025-07-15 06:41:45,243 mtprotosender _send_loop (line:469) - Encrypting 1 message(s) in 36 bytes for sending
DEBUG 2025-07-15 06:41:45,243 mtprotosender _send_loop (line:495) - Encrypted messages put in a queue to be sent
DEBUG 2025-07-15 06:41:45,243 mtprotosender _send_loop (line:460) - Waiting for messages to send...
DEBUG 2025-07-15 06:41:45,243 messagepacker get (line:66) - Assigned msg_id = 7527195208172779212 to MsgsAck (1064fe6d0)
DEBUG 2025-07-15 06:41:45,244 mtprotosender _send_loop (line:469) - Encrypting 1 message(s) in 36 bytes for sending
DEBUG 2025-07-15 06:41:45,244 mtprotosender _send_loop (line:495) - Encrypted messages put in a queue to be sent
DEBUG 2025-07-15 06:41:45,245 mtprotosender _send_loop (line:460) - Waiting for messages to send...
DEBUG 2025-07-15 06:41:45,487 mtprotosender _handle_rpc_result (line:607) - Handling RPC result for message 7527195208168660292
DEBUG 2025-07-15 06:41:45,487 mtprotosender _recv_loop (line:505) - Receiving items from the network...
DEBUG 2025-07-15 06:41:46,493 messagepacker get (line:66) - Assigned msg_id = 7527195213466599236 to ResolveUsernameRequest (1065b1090)
DEBUG 2025-07-15 06:41:46,494 mtprotosender _send_loop (line:469) - Encrypting 1 message(s) in 36 bytes for sending
DEBUG 2025-07-15 06:41:46,494 mtprotosender _send_loop (line:495) - Encrypted messages put in a queue to be sent
DEBUG 2025-07-15 06:41:46,495 mtprotosender _send_loop (line:460) - Waiting for messages to send...
DEBUG 2025-07-15 06:41:46,495 messagepacker get (line:66) - Assigned msg_id = 7527195213472642672 to MsgsAck (106503d90)
DEBUG 2025-07-15 06:41:46,495 mtprotosender _send_loop (line:469) - Encrypting 1 message(s) in 36 bytes for sending
DEBUG 2025-07-15 06:41:46,495 mtprotosender _send_loop (line:495) - Encrypted messages put in a queue to be sent
DEBUG 2025-07-15 06:41:46,496 mtprotosender _send_loop (line:460) - Waiting for messages to send...
DEBUG 2025-07-15 06:41:46,706 mtprotosender _handle_rpc_result (line:607) - Handling RPC result for message 7527195213466599236
DEBUG 2025-07-15 06:41:46,707 mtprotosender _recv_loop (line:505) - Receiving items from the network...
DEBUG 2025-07-15 06:41:46,708 messagepacker get (line:66) - Assigned msg_id = 7527195214327718508 to GetHistoryRequest (1066b0050)
DEBUG 2025-07-15 06:41:46,709 mtprotosender _send_loop (line:469) - Encrypting 1 message(s) in 72 bytes for sending
DEBUG 2025-07-15 06:41:46,709 mtprotosender _send_loop (line:495) - Encrypted messages put in a queue to be sent
DEBUG 2025-07-15 06:41:46,709 mtprotosender _send_loop (line:460) - Waiting for messages to send...
DEBUG 2025-07-15 06:41:46,709 messagepacker get (line:66) - Assigned msg_id = 7527195214330950508 to MsgsAck (106501390)
DEBUG 2025-07-15 06:41:46,709 mtprotosender _send_loop (line:469) - Encrypting 1 message(s) in 36 bytes for sending
DEBUG 2025-07-15 06:41:46,710 mtprotosender _send_loop (line:495) - Encrypted messages put in a queue to be sent
DEBUG 2025-07-15 06:41:46,710 mtprotosender _send_loop (line:460) - Waiting for messages to send...
DEBUG 2025-07-15 06:41:47,200 mtprotosender _handle_rpc_result (line:607) - Handling RPC result for message 7527195214327718508
DEBUG 2025-07-15 06:41:47,202 mtprotosender _recv_loop (line:505) - Receiving items from the network...
DEBUG 2025-07-15 06:41:47,203 messagepacker get (line:66) - Assigned msg_id = 7527195216600726500 to GetFullChannelRequest (1065b1090)
DEBUG 2025-07-15 06:41:47,203 mtprotosender _send_loop (line:469) - Encrypting 1 message(s) in 40 bytes for sending
DEBUG 2025-07-15 06:41:47,203 mtprotosender _send_loop (line:495) - Encrypted messages put in a queue to be sent
DEBUG 2025-07-15 06:41:47,203 mtprotosender _send_loop (line:460) - Waiting for messages to send...
DEBUG 2025-07-15 06:41:47,203 messagepacker get (line:66) - Assigned msg_id = 7527195216601598156 to MsgsAck (10667a930)
DEBUG 2025-07-15 06:41:47,203 mtprotosender _send_loop (line:469) - Encrypting 1 message(s) in 36 bytes for sending
DEBUG 2025-07-15 06:41:47,203 mtprotosender _send_loop (line:495) - Encrypted messages put in a queue to be sent
DEBUG 2025-07-15 06:41:47,203 mtprotosender _send_loop (line:460) - Waiting for messages to send...
DEBUG 2025-07-15 06:41:47,454 mtprotosender _handle_rpc_result (line:607) - Handling RPC result for message 7527195216600726500
DEBUG 2025-07-15 06:41:47,455 mtprotosender _recv_loop (line:505) - Receiving items from the network...
DEBUG 2025-07-15 06:41:47,455 messagepacker get (line:66) - Assigned msg_id = 7527195217610634220 to GetMessagesRequest (1066b3610)
DEBUG 2025-07-15 06:41:47,456 mtprotosender _send_loop (line:469) - Encrypting 1 message(s) in 56 bytes for sending
DEBUG 2025-07-15 06:41:47,456 mtprotosender _send_loop (line:495) - Encrypted messages put in a queue to be sent
DEBUG 2025-07-15 06:41:47,456 mtprotosender _send_loop (line:460) - Waiting for messages to send...
DEBUG 2025-07-15 06:41:47,456 messagepacker get (line:66) - Assigned msg_id = 7527195217613266364 to MsgsAck (1065f1d30)
DEBUG 2025-07-15 06:41:47,456 mtprotosender _send_loop (line:469) - Encrypting 1 message(s) in 36 bytes for sending
DEBUG 2025-07-15 06:41:47,457 mtprotosender _send_loop (line:495) - Encrypted messages put in a queue to be sent
DEBUG 2025-07-15 06:41:47,457 mtprotosender _send_loop (line:460) - Waiting for messages to send...
DEBUG 2025-07-15 06:41:47,661 mtprotosender _handle_rpc_result (line:607) - Handling RPC result for message 7527195217610634220
DEBUG 2025-07-15 06:41:47,661 mtprotosender _recv_loop (line:505) - Receiving items from the network...
INFO 2025-07-15 06:41:47,661 mtprotosender _disconnect (line:319) - Disconnecting from 149.154.167.51:443/TcpFull...
DEBUG 2025-07-15 06:41:47,661 mtprotosender _disconnect (line:322) - Closing current connection...
DEBUG 2025-07-15 06:41:47,662 mtprotosender _disconnect (line:325) - Cancelling 0 pending message(s)...
INFO 2025-07-15 06:41:47,662 mtprotosender _disconnect (line:339) - Disconnection from 149.154.167.51:443/TcpFull complete!
INFO 2025-07-15 06:41:47,664 basehttp log_message (line:213) - "POST /parser/ HTTP/1.1" 200 5252
INFO 2025-07-15 06:41:49,605 basehttp log_message (line:213) - "GET /parser/list HTTP/1.1" 200 6937
INFO 2025-07-15 06:41:51,554 basehttp log_message (line:213) - "GET /parser/list HTTP/1.1" 200 6937
INFO 2025-07-15 06:41:52,361 basehttp log_message (line:213) - "GET /parser/ HTTP/1.1" 200 5233
INFO 2025-07-15 06:42:58,477 basehttp log_message (line:213) - "GET /parser/list HTTP/1.1" 200 6937
INFO 2025-07-15 06:43:40,137 basehttp log_message (line:213) - "GET /parser/ HTTP/1.1" 200 5233
DEBUG 2025-07-15 06:43:45,343 selector_events __init__ (line:64) - Using selector: KqueueSelector
INFO 2025-07-15 06:43:45,348 mtprotosender _connect (line:228) - Connecting to 149.154.167.51:443/TcpFull...
DEBUG 2025-07-15 06:43:45,348 mtprotosender _try_connect (line:283) - Connection attempt 1...
DEBUG 2025-07-15 06:43:45,349 mtprotosender _try_connect (line:285) - Connection success!
DEBUG 2025-07-15 06:43:45,349 mtprotosender _connect (line:267) - Starting send loop
DEBUG 2025-07-15 06:43:45,349 mtprotosender _connect (line:270) - Starting receive loop
INFO 2025-07-15 06:43:45,350 mtprotosender _connect (line:279) - Connection to 149.154.167.51:443/TcpFull complete!
DEBUG 2025-07-15 06:43:45,350 mtprotosender _send_loop (line:460) - Waiting for messages to send...
DEBUG 2025-07-15 06:43:45,350 messagepacker get (line:66) - Assigned msg_id = 7527195723994475764 to InvokeWithLayerRequest (1066b0e90)
DEBUG 2025-07-15 06:43:45,350 mtprotosender _send_loop (line:469) - Encrypting 1 message(s) in 76 bytes for sending
DEBUG 2025-07-15 06:43:45,352 mtprotosender _send_loop (line:495) - Encrypted messages put in a queue to be sent
DEBUG 2025-07-15 06:43:45,352 mtprotosender _send_loop (line:460) - Waiting for messages to send...
DEBUG 2025-07-15 06:43:45,352 mtprotosender _recv_loop (line:505) - Receiving items from the network...
DEBUG 2025-07-15 06:43:45,766 mtprotosender _handle_bad_server_salt (line:750) - Handling bad salt for message 7527195723994475764
DEBUG 2025-07-15 06:43:45,767 mtprotosender _handle_bad_server_salt (line:755) - 1 message(s) will be resent
DEBUG 2025-07-15 06:43:45,767 mtprotosender _recv_loop (line:505) - Receiving items from the network...
DEBUG 2025-07-15 06:43:45,767 messagepacker get (line:66) - Assigned msg_id = 7527195725664139192 to InvokeWithLayerRequest (1066b0e90)
DEBUG 2025-07-15 06:43:45,768 mtprotosender _send_loop (line:469) - Encrypting 1 message(s) in 76 bytes for sending
DEBUG 2025-07-15 06:43:45,768 mtprotosender _send_loop (line:495) - Encrypted messages put in a queue to be sent
DEBUG 2025-07-15 06:43:45,768 mtprotosender _send_loop (line:460) - Waiting for messages to send...
DEBUG 2025-07-15 06:43:45,768 messagepacker get (line:66) - Assigned msg_id = 7527195725668743532 to MsgsAck (1065e68f0)
DEBUG 2025-07-15 06:43:45,769 mtprotosender _send_loop (line:469) - Encrypting 1 message(s) in 36 bytes for sending
DEBUG 2025-07-15 06:43:45,769 mtprotosender _send_loop (line:495) - Encrypted messages put in a queue to be sent
DEBUG 2025-07-15 06:43:45,769 mtprotosender _send_loop (line:460) - Waiting for messages to send...
DEBUG 2025-07-15 06:43:45,978 mtprotosender _handle_container (line:657) - Handling container
DEBUG 2025-07-15 06:43:45,979 mtprotosender _handle_new_session_created (line:825) - Handling new session created
DEBUG 2025-07-15 06:43:45,979 mtprotosender _handle_ack (line:844) - Handling acknowledge for [7527195725664139192]
DEBUG 2025-07-15 06:43:45,980 mtprotosender _recv_loop (line:505) - Receiving items from the network...
DEBUG 2025-07-15 06:43:46,133 mtprotosender _handle_rpc_result (line:607) - Handling RPC result for message 7527195725664139192
DEBUG 2025-07-15 06:43:46,134 mtprotosender _recv_loop (line:505) - Receiving items from the network...
DEBUG 2025-07-15 06:43:46,135 messagepacker get (line:66) - Assigned msg_id = 7527195727429410980 to GetUsersRequest (1066b0e90)
DEBUG 2025-07-15 06:43:46,135 mtprotosender _send_loop (line:469) - Encrypting 1 message(s) in 32 bytes for sending
DEBUG 2025-07-15 06:43:46,135 mtprotosender _send_loop (line:495) - Encrypted messages put in a queue to be sent
DEBUG 2025-07-15 06:43:46,136 mtprotosender _send_loop (line:460) - Waiting for messages to send...
DEBUG 2025-07-15 06:43:46,136 messagepacker get (line:66) - Assigned msg_id = 7527195727433762596 to MsgsAck (1065e57c0)
DEBUG 2025-07-15 06:43:46,136 mtprotosender _send_loop (line:469) - Encrypting 1 message(s) in 60 bytes for sending
DEBUG 2025-07-15 06:43:46,137 mtprotosender _send_loop (line:495) - Encrypted messages put in a queue to be sent
DEBUG 2025-07-15 06:43:46,138 mtprotosender _send_loop (line:460) - Waiting for messages to send...
DEBUG 2025-07-15 06:43:46,500 mtprotosender _handle_rpc_result (line:607) - Handling RPC result for message 7527195727429410980
DEBUG 2025-07-15 06:43:46,501 mtprotosender _recv_loop (line:505) - Receiving items from the network...
DEBUG 2025-07-15 06:43:46,502 messagepacker get (line:66) - Assigned msg_id = 7527195728897142456 to GetStateRequest (1066b1220)
DEBUG 2025-07-15 06:43:46,502 mtprotosender _send_loop (line:469) - Encrypting 1 message(s) in 20 bytes for sending
DEBUG 2025-07-15 06:43:46,502 mtprotosender _send_loop (line:495) - Encrypted messages put in a queue to be sent
DEBUG 2025-07-15 06:43:46,502 mtprotosender _send_loop (line:460) - Waiting for messages to send...
DEBUG 2025-07-15 06:43:46,503 messagepacker get (line:66) - Assigned msg_id = 7527195728900022552 to MsgsAck (1065e5590)
DEBUG 2025-07-15 06:43:46,503 mtprotosender _send_loop (line:469) - Encrypting 1 message(s) in 36 bytes for sending
DEBUG 2025-07-15 06:43:46,503 mtprotosender _send_loop (line:495) - Encrypted messages put in a queue to be sent
DEBUG 2025-07-15 06:43:46,503 mtprotosender _send_loop (line:460) - Waiting for messages to send...
DEBUG 2025-07-15 06:43:46,717 mtprotosender _handle_rpc_result (line:607) - Handling RPC result for message 7527195728897142456
DEBUG 2025-07-15 06:43:46,718 mtprotosender _recv_loop (line:505) - Receiving items from the network...
DEBUG 2025-07-15 06:43:46,718 messagepacker get (line:66) - Assigned msg_id = 7527195729762810752 to GetDifferenceRequest (1066b1220)
DEBUG 2025-07-15 06:43:46,718 mtprotosender _send_loop (line:469) - Encrypting 1 message(s) in 36 bytes for sending
DEBUG 2025-07-15 06:43:46,719 mtprotosender _send_loop (line:495) - Encrypted messages put in a queue to be sent
DEBUG 2025-07-15 06:43:46,719 mtprotosender _send_loop (line:460) - Waiting for messages to send...
DEBUG 2025-07-15 06:43:46,719 messagepacker get (line:66) - Assigned msg_id = 7527195729766095204 to MsgsAck (1065e55e0)
DEBUG 2025-07-15 06:43:46,719 mtprotosender _send_loop (line:469) - Encrypting 1 message(s) in 36 bytes for sending
DEBUG 2025-07-15 06:43:46,720 mtprotosender _send_loop (line:495) - Encrypted messages put in a queue to be sent
DEBUG 2025-07-15 06:43:46,720 mtprotosender _send_loop (line:460) - Waiting for messages to send...
DEBUG 2025-07-15 06:43:46,957 mtprotosender _handle_rpc_result (line:607) - Handling RPC result for message 7527195729762810752
DEBUG 2025-07-15 06:43:46,958 mtprotosender _recv_loop (line:505) - Receiving items from the network...
DEBUG 2025-07-15 06:43:47,965 messagepacker get (line:66) - Assigned msg_id = 7527195735043409988 to ResolveUsernameRequest (1066b0e90)
DEBUG 2025-07-15 06:43:47,965 mtprotosender _send_loop (line:469) - Encrypting 1 message(s) in 36 bytes for sending
DEBUG 2025-07-15 06:43:47,966 mtprotosender _send_loop (line:495) - Encrypted messages put in a queue to be sent
DEBUG 2025-07-15 06:43:47,966 mtprotosender _send_loop (line:460) - Waiting for messages to send...
DEBUG 2025-07-15 06:43:47,966 messagepacker get (line:66) - Assigned msg_id = 7527195735049513504 to MsgsAck (1065e40f0)
DEBUG 2025-07-15 06:43:47,966 mtprotosender _send_loop (line:469) - Encrypting 1 message(s) in 36 bytes for sending
DEBUG 2025-07-15 06:43:47,967 mtprotosender _send_loop (line:495) - Encrypted messages put in a queue to be sent
DEBUG 2025-07-15 06:43:47,967 mtprotosender _send_loop (line:460) - Waiting for messages to send...
DEBUG 2025-07-15 06:43:48,097 mtprotosender _handle_update (line:683) - Handling update UpdateShort
DEBUG 2025-07-15 06:43:48,097 mtprotosender _recv_loop (line:505) - Receiving items from the network...
DEBUG 2025-07-15 06:43:48,184 mtprotosender _handle_rpc_result (line:607) - Handling RPC result for message 7527195735043409988
DEBUG 2025-07-15 06:43:48,185 mtprotosender _recv_loop (line:505) - Receiving items from the network...
DEBUG 2025-07-15 06:43:48,187 messagepacker get (line:66) - Assigned msg_id = 7527195736229601192 to GetHistoryRequest (1066b1220)
DEBUG 2025-07-15 06:43:48,188 mtprotosender _send_loop (line:469) - Encrypting 1 message(s) in 72 bytes for sending
DEBUG 2025-07-15 06:43:48,188 mtprotosender _send_loop (line:495) - Encrypted messages put in a queue to be sent
DEBUG 2025-07-15 06:43:48,188 mtprotosender _send_loop (line:460) - Waiting for messages to send...
DEBUG 2025-07-15 06:43:48,189 messagepacker get (line:66) - Assigned msg_id = 7527195736234008124 to MsgsAck (1065e42d0)
DEBUG 2025-07-15 06:43:48,189 mtprotosender _send_loop (line:469) - Encrypting 1 message(s) in 44 bytes for sending
DEBUG 2025-07-15 06:43:48,189 mtprotosender _send_loop (line:495) - Encrypted messages put in a queue to be sent
DEBUG 2025-07-15 06:43:48,189 mtprotosender _send_loop (line:460) - Waiting for messages to send...
DEBUG 2025-07-15 06:43:48,593 mtprotosender _handle_rpc_result (line:607) - Handling RPC result for message 7527195736229601192
DEBUG 2025-07-15 06:43:48,601 mtprotosender _recv_loop (line:505) - Receiving items from the network...
DEBUG 2025-07-15 06:43:48,604 messagepacker get (line:66) - Assigned msg_id = 7527195737895993520 to GetFullChannelRequest (106685cd0)
DEBUG 2025-07-15 06:43:48,604 mtprotosender _send_loop (line:469) - Encrypting 1 message(s) in 40 bytes for sending
DEBUG 2025-07-15 06:43:48,604 mtprotosender _send_loop (line:495) - Encrypted messages put in a queue to be sent
DEBUG 2025-07-15 06:43:48,604 mtprotosender _send_loop (line:460) - Waiting for messages to send...
DEBUG 2025-07-15 06:43:48,605 messagepacker get (line:66) - Assigned msg_id = 7527195737898081112 to MsgsAck (106682760)
DEBUG 2025-07-15 06:43:48,605 mtprotosender _send_loop (line:469) - Encrypting 1 message(s) in 36 bytes for sending
DEBUG 2025-07-15 06:43:48,605 mtprotosender _send_loop (line:495) - Encrypted messages put in a queue to be sent
DEBUG 2025-07-15 06:43:48,605 mtprotosender _send_loop (line:460) - Waiting for messages to send...
DEBUG 2025-07-15 06:43:48,801 mtprotosender _handle_update (line:683) - Handling update Updates
DEBUG 2025-07-15 06:43:48,802 mtprotosender _recv_loop (line:505) - Receiving items from the network...
DEBUG 2025-07-15 06:43:48,804 mtprotosender _handle_update (line:683) - Handling update Updates
DEBUG 2025-07-15 06:43:48,804 mtprotosender _recv_loop (line:505) - Receiving items from the network...
DEBUG 2025-07-15 06:43:48,804 mtprotosender _handle_ack (line:844) - Handling acknowledge for [7527195737895993520]
DEBUG 2025-07-15 06:43:48,805 mtprotosender _recv_loop (line:505) - Receiving items from the network...
DEBUG 2025-07-15 06:43:48,817 mtprotosender _handle_rpc_result (line:607) - Handling RPC result for message 7527195737895993520
DEBUG 2025-07-15 06:43:48,818 mtprotosender _recv_loop (line:505) - Receiving items from the network...
DEBUG 2025-07-15 06:43:48,819 messagepacker get (line:66) - Assigned msg_id = 7527195738756621648 to GetMessagesRequest (1066863f0)
DEBUG 2025-07-15 06:43:48,819 mtprotosender _send_loop (line:469) - Encrypting 1 message(s) in 56 bytes for sending
DEBUG 2025-07-15 06:43:48,820 mtprotosender _send_loop (line:495) - Encrypted messages put in a queue to be sent
DEBUG 2025-07-15 06:43:48,820 mtprotosender _send_loop (line:460) - Waiting for messages to send...
DEBUG 2025-07-15 06:43:48,820 messagepacker get (line:66) - Assigned msg_id = 7527195738761724760 to MsgsAck (106682bc0)
DEBUG 2025-07-15 06:43:48,821 mtprotosender _send_loop (line:469) - Encrypting 1 message(s) in 60 bytes for sending
DEBUG 2025-07-15 06:43:48,822 mtprotosender _send_loop (line:495) - Encrypted messages put in a queue to be sent
DEBUG 2025-07-15 06:43:48,823 mtprotosender _send_loop (line:460) - Waiting for messages to send...
DEBUG 2025-07-15 06:43:49,017 mtprotosender _handle_rpc_result (line:607) - Handling RPC result for message 7527195738756621648
DEBUG 2025-07-15 06:43:49,018 mtprotosender _recv_loop (line:505) - Receiving items from the network...
INFO 2025-07-15 06:43:49,019 mtprotosender _disconnect (line:319) - Disconnecting from 149.154.167.51:443/TcpFull...
DEBUG 2025-07-15 06:43:49,019 mtprotosender _disconnect (line:322) - Closing current connection...
DEBUG 2025-07-15 06:43:49,021 mtprotosender _disconnect (line:325) - Cancelling 0 pending message(s)...
INFO 2025-07-15 06:43:49,021 mtprotosender _disconnect (line:339) - Disconnection from 149.154.167.51:443/TcpFull complete!
INFO 2025-07-15 06:43:49,027 basehttp log_message (line:213) - "POST /parser/ HTTP/1.1" 200 5251
INFO 2025-07-15 06:43:50,538 basehttp log_message (line:213) - "GET /parser/list HTTP/1.1" 200 6937
INFO 2025-07-15 06:47:50,906 autoreload trigger_reload (line:265) - /Users/macbook/PycharmProjects/tg_parser_example/parserexample/parser/parser.py changed, reloading.
INFO 2025-07-15 06:47:51,333 autoreload run_with_reloader (line:667) - Watching for file changes with StatReloader
INFO 2025-07-15 06:47:51,351 aes <module> (line:23) - libssl detected, it will be used for encryption
INFO 2025-07-15 06:48:02,791 autoreload trigger_reload (line:265) - /Users/macbook/PycharmProjects/tg_parser_example/parserexample/parser/parser.py changed, reloading.
INFO 2025-07-15 06:48:03,612 autoreload run_with_reloader (line:667) - Watching for file changes with StatReloader
INFO 2025-07-15 06:48:03,638 aes <module> (line:23) - libssl detected, it will be used for encryption
INFO 2025-07-15 06:48:05,683 basehttp log_message (line:213) - "GET / HTTP/1.1" 200 3358
INFO 2025-07-15 06:48:08,325 basehttp log_message (line:213) - "GET /parser/ HTTP/1.1" 200 5233
INFO 2025-07-15 06:48:09,704 basehttp log_message (line:213) - "GET /parser/list HTTP/1.1" 200 6937
WARNING 2025-07-15 06:48:09,764 log log_response (line:253) - Not Found: /apple-touch-icon-precomposed.png
WARNING 2025-07-15 06:48:09,764 log log_response (line:253) - Not Found: /apple-touch-icon.png
WARNING 2025-07-15 06:48:09,764 log log_response (line:253) - Not Found: /favicon.ico
WARNING 2025-07-15 06:48:09,765 basehttp log_message (line:213) - "GET /apple-touch-icon-precomposed.png HTTP/1.1" 404 2585
WARNING 2025-07-15 06:48:09,765 basehttp log_message (line:213) - "GET /apple-touch-icon.png HTTP/1.1" 404 2549
WARNING 2025-07-15 06:48:09,765 basehttp log_message (line:213) - "GET /favicon.ico HTTP/1.1" 404 2522
INFO 2025-07-15 06:48:14,872 basehttp log_message (line:213) - "GET /parser/ HTTP/1.1" 200 5233
DEBUG 2025-07-15 06:48:16,744 selector_events __init__ (line:64) - Using selector: KqueueSelector
INFO 2025-07-15 06:48:16,753 mtprotosender _connect (line:228) - Connecting to 149.154.167.51:443/TcpFull...
DEBUG 2025-07-15 06:48:16,754 mtprotosender _try_connect (line:283) - Connection attempt 1...
DEBUG 2025-07-15 06:48:16,756 mtprotosender _try_connect (line:285) - Connection success!
DEBUG 2025-07-15 06:48:16,757 mtprotosender _connect (line:267) - Starting send loop
DEBUG 2025-07-15 06:48:16,757 mtprotosender _connect (line:270) - Starting receive loop
INFO 2025-07-15 06:48:16,757 mtprotosender _connect (line:279) - Connection to 149.154.167.51:443/TcpFull complete!
DEBUG 2025-07-15 06:48:16,759 mtprotosender _send_loop (line:460) - Waiting for messages to send...
DEBUG 2025-07-15 06:48:16,759 messagepacker get (line:66) - Assigned msg_id = 7527196889568608700 to InvokeWithLayerRequest (106ac92b0)
DEBUG 2025-07-15 06:48:16,760 mtprotosender _send_loop (line:469) - Encrypting 1 message(s) in 76 bytes for sending
DEBUG 2025-07-15 06:48:16,765 mtprotosender _send_loop (line:495) - Encrypted messages put in a queue to be sent
DEBUG 2025-07-15 06:48:16,766 mtprotosender _send_loop (line:460) - Waiting for messages to send...
DEBUG 2025-07-15 06:48:16,766 mtprotosender _recv_loop (line:505) - Receiving items from the network...
DEBUG 2025-07-15 06:48:17,254 mtprotosender _handle_bad_server_salt (line:750) - Handling bad salt for message 7527196889568608700
DEBUG 2025-07-15 06:48:17,255 mtprotosender _handle_bad_server_salt (line:755) - 1 message(s) will be resent
DEBUG 2025-07-15 06:48:17,255 mtprotosender _recv_loop (line:505) - Receiving items from the network...
DEBUG 2025-07-15 06:48:17,256 messagepacker get (line:66) - Assigned msg_id = 7527196891847955764 to InvokeWithLayerRequest (106ac92b0)
DEBUG 2025-07-15 06:48:17,256 mtprotosender _send_loop (line:469) - Encrypting 1 message(s) in 76 bytes for sending
DEBUG 2025-07-15 06:48:17,256 mtprotosender _send_loop (line:495) - Encrypted messages put in a queue to be sent
DEBUG 2025-07-15 06:48:17,257 mtprotosender _send_loop (line:460) - Waiting for messages to send...
DEBUG 2025-07-15 06:48:17,257 messagepacker get (line:66) - Assigned msg_id = 7527196891853943884 to MsgsAck (106ac96a0)
DEBUG 2025-07-15 06:48:17,257 mtprotosender _send_loop (line:469) - Encrypting 1 message(s) in 36 bytes for sending
DEBUG 2025-07-15 06:48:17,258 mtprotosender _send_loop (line:495) - Encrypted messages put in a queue to be sent
DEBUG 2025-07-15 06:48:17,258 mtprotosender _send_loop (line:460) - Waiting for messages to send...
DEBUG 2025-07-15 06:48:17,474 mtprotosender _handle_container (line:657) - Handling container
DEBUG 2025-07-15 06:48:17,475 mtprotosender _handle_new_session_created (line:825) - Handling new session created
DEBUG 2025-07-15 06:48:17,475 mtprotosender _handle_ack (line:844) - Handling acknowledge for [7527196891847955764]
DEBUG 2025-07-15 06:48:17,475 mtprotosender _recv_loop (line:505) - Receiving items from the network...
DEBUG 2025-07-15 06:48:17,477 mtprotosender _handle_rpc_result (line:607) - Handling RPC result for message 7527196891847955764
DEBUG 2025-07-15 06:48:17,478 mtprotosender _recv_loop (line:505) - Receiving items from the network...
DEBUG 2025-07-15 06:48:17,479 messagepacker get (line:66) - Assigned msg_id = 7527196892742199004 to GetUsersRequest (106ac9a90)
DEBUG 2025-07-15 06:48:17,479 mtprotosender _send_loop (line:469) - Encrypting 1 message(s) in 32 bytes for sending
DEBUG 2025-07-15 06:48:17,479 mtprotosender _send_loop (line:495) - Encrypted messages put in a queue to be sent
DEBUG 2025-07-15 06:48:17,480 mtprotosender _send_loop (line:460) - Waiting for messages to send...
DEBUG 2025-07-15 06:48:17,480 messagepacker get (line:66) - Assigned msg_id = 7527196892744779648 to MsgsAck (1069fce10)
DEBUG 2025-07-15 06:48:17,480 mtprotosender _send_loop (line:469) - Encrypting 1 message(s) in 60 bytes for sending
DEBUG 2025-07-15 06:48:17,481 mtprotosender _send_loop (line:495) - Encrypted messages put in a queue to be sent
DEBUG 2025-07-15 06:48:17,481 mtprotosender _send_loop (line:460) - Waiting for messages to send...
DEBUG 2025-07-15 06:48:17,714 mtprotosender _handle_rpc_result (line:607) - Handling RPC result for message 7527196892742199004
DEBUG 2025-07-15 06:48:17,714 mtprotosender _recv_loop (line:505) - Receiving items from the network...
DEBUG 2025-07-15 06:48:17,714 messagepacker get (line:66) - Assigned msg_id = 7527196893683867516 to GetStateRequest (106ac9a90)
DEBUG 2025-07-15 06:48:17,715 mtprotosender _send_loop (line:469) - Encrypting 1 message(s) in 20 bytes for sending
DEBUG 2025-07-15 06:48:17,715 mtprotosender _send_loop (line:495) - Encrypted messages put in a queue to be sent
DEBUG 2025-07-15 06:48:17,715 mtprotosender _send_loop (line:460) - Waiting for messages to send...
DEBUG 2025-07-15 06:48:17,715 messagepacker get (line:66) - Assigned msg_id = 7527196893685292304 to MsgsAck (106ab9810)
DEBUG 2025-07-15 06:48:17,715 mtprotosender _send_loop (line:469) - Encrypting 1 message(s) in 36 bytes for sending
DEBUG 2025-07-15 06:48:17,715 mtprotosender _send_loop (line:495) - Encrypted messages put in a queue to be sent
DEBUG 2025-07-15 06:48:17,715 mtprotosender _send_loop (line:460) - Waiting for messages to send...
DEBUG 2025-07-15 06:48:17,926 mtprotosender _handle_rpc_result (line:607) - Handling RPC result for message 7527196893683867516
DEBUG 2025-07-15 06:48:17,928 mtprotosender _recv_loop (line:505) - Receiving items from the network...
DEBUG 2025-07-15 06:48:17,929 messagepacker get (line:66) - Assigned msg_id = 7527196894543455184 to GetDifferenceRequest (106ac9a90)
DEBUG 2025-07-15 06:48:17,930 mtprotosender _send_loop (line:469) - Encrypting 1 message(s) in 36 bytes for sending
DEBUG 2025-07-15 06:48:17,930 mtprotosender _send_loop (line:495) - Encrypted messages put in a queue to be sent
DEBUG 2025-07-15 06:48:17,930 mtprotosender _send_loop (line:460) - Waiting for messages to send...
DEBUG 2025-07-15 06:48:17,930 messagepacker get (line:66) - Assigned msg_id = 7527196894548015656 to MsgsAck (106ab9a70)
DEBUG 2025-07-15 06:48:17,931 mtprotosender _send_loop (line:469) - Encrypting 1 message(s) in 36 bytes for sending
DEBUG 2025-07-15 06:48:17,933 mtprotosender _send_loop (line:495) - Encrypted messages put in a queue to be sent
DEBUG 2025-07-15 06:48:17,934 mtprotosender _send_loop (line:460) - Waiting for messages to send...
DEBUG 2025-07-15 06:48:18,411 mtprotosender _handle_rpc_result (line:607) - Handling RPC result for message 7527196894543455184
DEBUG 2025-07-15 06:48:18,411 mtprotosender _recv_loop (line:505) - Receiving items from the network...
DEBUG 2025-07-15 06:48:19,419 messagepacker get (line:66) - Assigned msg_id = 7527196901092230148 to ResolveUsernameRequest (106ac97f0)
DEBUG 2025-07-15 06:48:19,420 mtprotosender _send_loop (line:469) - Encrypting 1 message(s) in 40 bytes for sending
DEBUG 2025-07-15 06:48:19,420 mtprotosender _send_loop (line:495) - Encrypted messages put in a queue to be sent
DEBUG 2025-07-15 06:48:19,420 mtprotosender _send_loop (line:460) - Waiting for messages to send...
DEBUG 2025-07-15 06:48:19,421 messagepacker get (line:66) - Assigned msg_id = 7527196901098621672 to MsgsAck (105baec30)
DEBUG 2025-07-15 06:48:19,421 mtprotosender _send_loop (line:469) - Encrypting 1 message(s) in 36 bytes for sending
DEBUG 2025-07-15 06:48:19,422 mtprotosender _send_loop (line:495) - Encrypted messages put in a queue to be sent
DEBUG 2025-07-15 06:48:19,422 mtprotosender _send_loop (line:460) - Waiting for messages to send...
DEBUG 2025-07-15 06:48:19,620 mtprotosender _handle_container (line:657) - Handling container
DEBUG 2025-07-15 06:48:19,620 mtprotosender _handle_update (line:683) - Handling update Updates
DEBUG 2025-07-15 06:48:19,620 mtprotosender _handle_ack (line:844) - Handling acknowledge for [7527196901092230148]
DEBUG 2025-07-15 06:48:19,621 mtprotosender _recv_loop (line:505) - Receiving items from the network...
DEBUG 2025-07-15 06:48:19,624 mtprotosender _handle_update (line:683) - Handling update Updates
DEBUG 2025-07-15 06:48:19,624 mtprotosender _recv_loop (line:505) - Receiving items from the network...
DEBUG 2025-07-15 06:48:19,644 mtprotosender _handle_update (line:683) - Handling update Updates
DEBUG 2025-07-15 06:48:19,644 mtprotosender _recv_loop (line:505) - Receiving items from the network...
DEBUG 2025-07-15 06:48:19,777 mtprotosender _handle_rpc_result (line:607) - Handling RPC result for message 7527196901092230148
DEBUG 2025-07-15 06:48:19,778 mtprotosender _recv_loop (line:505) - Receiving items from the network...
DEBUG 2025-07-15 06:48:19,779 messagepacker get (line:66) - Assigned msg_id = 7527196902530506436 to GetHistoryRequest (106ac97f0)
DEBUG 2025-07-15 06:48:19,779 mtprotosender _send_loop (line:469) - Encrypting 1 message(s) in 72 bytes for sending
DEBUG 2025-07-15 06:48:19,779 mtprotosender _send_loop (line:495) - Encrypted messages put in a queue to be sent
DEBUG 2025-07-15 06:48:19,779 mtprotosender _send_loop (line:460) - Waiting for messages to send...
DEBUG 2025-07-15 06:48:19,779 messagepacker get (line:66) - Assigned msg_id = 7527196902533173864 to MsgsAck (1069eee00)
DEBUG 2025-07-15 06:48:19,779 mtprotosender _send_loop (line:469) - Encrypting 1 message(s) in 76 bytes for sending
DEBUG 2025-07-15 06:48:19,780 mtprotosender _send_loop (line:495) - Encrypted messages put in a queue to be sent
DEBUG 2025-07-15 06:48:19,780 mtprotosender _send_loop (line:460) - Waiting for messages to send...
DEBUG 2025-07-15 06:48:20,210 mtprotosender _handle_rpc_result (line:607) - Handling RPC result for message 7527196902530506436
DEBUG 2025-07-15 06:48:20,218 mtprotosender _recv_loop (line:505) - Receiving items from the network...
DEBUG 2025-07-15 06:48:20,220 messagepacker get (line:66) - Assigned msg_id = 7527196904590678164 to GetFullChannelRequest (106ac8830)
DEBUG 2025-07-15 06:48:20,220 mtprotosender _send_loop (line:469) - Encrypting 1 message(s) in 40 bytes for sending
DEBUG 2025-07-15 06:48:20,220 mtprotosender _send_loop (line:495) - Encrypted messages put in a queue to be sent
DEBUG 2025-07-15 06:48:20,220 mtprotosender _send_loop (line:460) - Waiting for messages to send...
DEBUG 2025-07-15 06:48:20,220 messagepacker get (line:66) - Assigned msg_id = 7527196904592801996 to MsgsAck (1069fba50)
DEBUG 2025-07-15 06:48:20,221 mtprotosender _send_loop (line:469) - Encrypting 1 message(s) in 36 bytes for sending
DEBUG 2025-07-15 06:48:20,221 mtprotosender _send_loop (line:495) - Encrypted messages put in a queue to be sent
DEBUG 2025-07-15 06:48:20,221 mtprotosender _send_loop (line:460) - Waiting for messages to send...
DEBUG 2025-07-15 06:48:20,476 mtprotosender _handle_rpc_result (line:607) - Handling RPC result for message 7527196904590678164
DEBUG 2025-07-15 06:48:20,478 mtprotosender _recv_loop (line:505) - Receiving items from the network...
DEBUG 2025-07-15 06:48:20,479 messagepacker get (line:66) - Assigned msg_id = 7527196905625021884 to GetMessagesRequest (106ac97f0)
DEBUG 2025-07-15 06:48:20,479 mtprotosender _send_loop (line:469) - Encrypting 1 message(s) in 56 bytes for sending
DEBUG 2025-07-15 06:48:20,479 mtprotosender _send_loop (line:495) - Encrypted messages put in a queue to be sent
DEBUG 2025-07-15 06:48:20,479 mtprotosender _send_loop (line:460) - Waiting for messages to send...
DEBUG 2025-07-15 06:48:20,480 messagepacker get (line:66) - Assigned msg_id = 7527196905630370088 to MsgsAck (106a40350)
DEBUG 2025-07-15 06:48:20,480 mtprotosender _send_loop (line:469) - Encrypting 1 message(s) in 36 bytes for sending
DEBUG 2025-07-15 06:48:20,481 mtprotosender _send_loop (line:495) - Encrypted messages put in a queue to be sent
DEBUG 2025-07-15 06:48:20,481 mtprotosender _send_loop (line:460) - Waiting for messages to send...
DEBUG 2025-07-15 06:48:20,713 mtprotosender _handle_rpc_result (line:607) - Handling RPC result for message 7527196905625021884
DEBUG 2025-07-15 06:48:20,714 mtprotosender _recv_loop (line:505) - Receiving items from the network...
INFO 2025-07-15 06:48:20,716 mtprotosender _disconnect (line:319) - Disconnecting from 149.154.167.51:443/TcpFull...
DEBUG 2025-07-15 06:48:20,717 mtprotosender _disconnect (line:322) - Closing current connection...
DEBUG 2025-07-15 06:48:20,719 mtprotosender _disconnect (line:325) - Cancelling 0 pending message(s)...
INFO 2025-07-15 06:48:20,719 mtprotosender _disconnect (line:339) - Disconnection from 149.154.167.51:443/TcpFull complete!
INFO 2025-07-15 06:48:20,726 basehttp log_message (line:213) - "POST /parser/ HTTP/1.1" 200 5256
INFO 2025-07-15 06:48:22,332 basehttp log_message (line:213) - "GET /parser/list HTTP/1.1" 200 6937
INFO 2025-07-15 06:54:47,583 autoreload trigger_reload (line:265) - /Users/macbook/PycharmProjects/tg_parser_example/parserexample/parser/parser.py changed, reloading.
INFO 2025-07-15 06:54:48,072 autoreload run_with_reloader (line:667) - Watching for file changes with StatReloader
INFO 2025-07-15 06:54:48,091 aes <module> (line:23) - libssl detected, it will be used for encryption
INFO 2025-07-15 06:56:24,969 autoreload trigger_reload (line:265) - /Users/macbook/PycharmProjects/tg_parser_example/parserexample/parser/parser.py changed, reloading.
INFO 2025-07-15 06:56:25,678 autoreload run_with_reloader (line:667) - Watching for file changes with StatReloader
INFO 2025-07-15 06:56:25,696 aes <module> (line:23) - libssl detected, it will be used for encryption
INFO 2025-07-15 06:58:27,883 basehttp log_message (line:213) - "GET / HTTP/1.1" 200 3358
INFO 2025-07-15 06:58:29,792 basehttp log_message (line:213) - "GET /parser/ HTTP/1.1" 200 5233
DEBUG 2025-07-15 06:58:38,695 selector_events __init__ (line:64) - Using selector: KqueueSelector
INFO 2025-07-15 06:58:38,703 mtprotosender _connect (line:228) - Connecting to 149.154.167.51:443/TcpFull...
DEBUG 2025-07-15 06:58:38,704 mtprotosender _try_connect (line:283) - Connection attempt 1...
DEBUG 2025-07-15 06:58:38,705 mtprotosender _try_connect (line:285) - Connection success!
DEBUG 2025-07-15 06:58:38,706 mtprotosender _connect (line:267) - Starting send loop
DEBUG 2025-07-15 06:58:38,706 mtprotosender _connect (line:270) - Starting receive loop
INFO 2025-07-15 06:58:38,706 mtprotosender _connect (line:279) - Connection to 149.154.167.51:443/TcpFull complete!
DEBUG 2025-07-15 06:58:38,706 mtprotosender _send_loop (line:460) - Waiting for messages to send...
DEBUG 2025-07-15 06:58:38,706 messagepacker get (line:66) - Assigned msg_id = 7527199560825982724 to InvokeWithLayerRequest (106ac9be0)
DEBUG 2025-07-15 06:58:38,706 mtprotosender _send_loop (line:469) - Encrypting 1 message(s) in 76 bytes for sending
DEBUG 2025-07-15 06:58:38,711 mtprotosender _send_loop (line:495) - Encrypted messages put in a queue to be sent
DEBUG 2025-07-15 06:58:38,711 mtprotosender _send_loop (line:460) - Waiting for messages to send...
DEBUG 2025-07-15 06:58:38,711 mtprotosender _recv_loop (line:505) - Receiving items from the network...
DEBUG 2025-07-15 06:58:39,378 mtprotosender _handle_bad_server_salt (line:750) - Handling bad salt for message 7527199560825982724
DEBUG 2025-07-15 06:58:39,378 mtprotosender _handle_bad_server_salt (line:755) - 1 message(s) will be resent
DEBUG 2025-07-15 06:58:39,378 mtprotosender _recv_loop (line:505) - Receiving items from the network...
DEBUG 2025-07-15 06:58:39,379 messagepacker get (line:66) - Assigned msg_id = 7527199563810757912 to InvokeWithLayerRequest (106ac9be0)
DEBUG 2025-07-15 06:58:39,379 mtprotosender _send_loop (line:469) - Encrypting 1 message(s) in 76 bytes for sending
DEBUG 2025-07-15 06:58:39,379 mtprotosender _send_loop (line:495) - Encrypted messages put in a queue to be sent
DEBUG 2025-07-15 06:58:39,380 mtprotosender _send_loop (line:460) - Waiting for messages to send...
DEBUG 2025-07-15 06:58:39,380 messagepacker get (line:66) - Assigned msg_id = 7527199563814905440 to MsgsAck (106ac9fd0)
DEBUG 2025-07-15 06:58:39,380 mtprotosender _send_loop (line:469) - Encrypting 1 message(s) in 36 bytes for sending
DEBUG 2025-07-15 06:58:39,380 mtprotosender _send_loop (line:495) - Encrypted messages put in a queue to be sent
DEBUG 2025-07-15 06:58:39,381 mtprotosender _send_loop (line:460) - Waiting for messages to send...
DEBUG 2025-07-15 06:58:39,575 mtprotosender _handle_container (line:657) - Handling container
DEBUG 2025-07-15 06:58:39,576 mtprotosender _handle_new_session_created (line:825) - Handling new session created
DEBUG 2025-07-15 06:58:39,576 mtprotosender _handle_ack (line:844) - Handling acknowledge for [7527199563810757912]
DEBUG 2025-07-15 06:58:39,576 mtprotosender _recv_loop (line:505) - Receiving items from the network...
DEBUG 2025-07-15 06:58:39,666 mtprotosender _handle_rpc_result (line:607) - Handling RPC result for message 7527199563810757912
DEBUG 2025-07-15 06:58:39,667 mtprotosender _recv_loop (line:505) - Receiving items from the network...
DEBUG 2025-07-15 06:58:39,669 messagepacker get (line:66) - Assigned msg_id = 7527199564971262252 to GetUsersRequest (106aca3c0)
DEBUG 2025-07-15 06:58:39,669 mtprotosender _send_loop (line:469) - Encrypting 1 message(s) in 32 bytes for sending
DEBUG 2025-07-15 06:58:39,669 mtprotosender _send_loop (line:495) - Encrypted messages put in a queue to be sent
DEBUG 2025-07-15 06:58:39,670 mtprotosender _send_loop (line:460) - Waiting for messages to send...
DEBUG 2025-07-15 06:58:39,670 messagepacker get (line:66) - Assigned msg_id = 7527199564974474228 to MsgsAck (106c38550)
DEBUG 2025-07-15 06:58:39,670 mtprotosender _send_loop (line:469) - Encrypting 1 message(s) in 60 bytes for sending
DEBUG 2025-07-15 06:58:39,671 mtprotosender _send_loop (line:495) - Encrypted messages put in a queue to be sent
DEBUG 2025-07-15 06:58:39,671 mtprotosender _send_loop (line:460) - Waiting for messages to send...
DEBUG 2025-07-15 06:58:40,026 mtprotosender _handle_rpc_result (line:607) - Handling RPC result for message 7527199564971262252
DEBUG 2025-07-15 06:58:40,027 mtprotosender _recv_loop (line:505) - Receiving items from the network...
DEBUG 2025-07-15 06:58:40,028 messagepacker get (line:66) - Assigned msg_id = 7527199566702473560 to GetStateRequest (106aca3c0)
DEBUG 2025-07-15 06:58:40,028 mtprotosender _send_loop (line:469) - Encrypting 1 message(s) in 20 bytes for sending
DEBUG 2025-07-15 06:58:40,029 mtprotosender _send_loop (line:495) - Encrypted messages put in a queue to be sent
DEBUG 2025-07-15 06:58:40,029 mtprotosender _send_loop (line:460) - Waiting for messages to send...
DEBUG 2025-07-15 06:58:40,029 messagepacker get (line:66) - Assigned msg_id = 7527199566705884852 to MsgsAck (10685fce0)
DEBUG 2025-07-15 06:58:40,029 mtprotosender _send_loop (line:469) - Encrypting 1 message(s) in 36 bytes for sending
DEBUG 2025-07-15 06:58:40,029 mtprotosender _send_loop (line:495) - Encrypted messages put in a queue to be sent
DEBUG 2025-07-15 06:58:40,030 mtprotosender _send_loop (line:460) - Waiting for messages to send...
DEBUG 2025-07-15 06:58:40,729 mtprotosender _handle_rpc_result (line:607) - Handling RPC result for message 7527199566702473560
DEBUG 2025-07-15 06:58:40,730 mtprotosender _recv_loop (line:505) - Receiving items from the network...
DEBUG 2025-07-15 06:58:40,731 messagepacker get (line:66) - Assigned msg_id = 7527199569514033236 to GetDifferenceRequest (106aca3c0)
DEBUG 2025-07-15 06:58:40,731 mtprotosender _send_loop (line:469) - Encrypting 1 message(s) in 36 bytes for sending
DEBUG 2025-07-15 06:58:40,731 mtprotosender _send_loop (line:495) - Encrypted messages put in a queue to be sent
DEBUG 2025-07-15 06:58:40,732 mtprotosender _send_loop (line:460) - Waiting for messages to send...
DEBUG 2025-07-15 06:58:40,732 messagepacker get (line:66) - Assigned msg_id = 7527199569517841260 to MsgsAck (10685fbb0)
DEBUG 2025-07-15 06:58:40,732 mtprotosender _send_loop (line:469) - Encrypting 1 message(s) in 36 bytes for sending
DEBUG 2025-07-15 06:58:40,732 mtprotosender _send_loop (line:495) - Encrypted messages put in a queue to be sent
DEBUG 2025-07-15 06:58:40,733 mtprotosender _send_loop (line:460) - Waiting for messages to send...
DEBUG 2025-07-15 06:58:40,936 mtprotosender _handle_ack (line:844) - Handling acknowledge for [7527199569514033236]
DEBUG 2025-07-15 06:58:40,936 mtprotosender _recv_loop (line:505) - Receiving items from the network...
DEBUG 2025-07-15 06:58:40,940 mtprotosender _handle_update (line:683) - Handling update Updates
DEBUG 2025-07-15 06:58:40,941 mtprotosender _recv_loop (line:505) - Receiving items from the network...
DEBUG 2025-07-15 06:58:41,004 mtprotosender _handle_rpc_result (line:607) - Handling RPC result for message 7527199569514033236
DEBUG 2025-07-15 06:58:41,004 mtprotosender _recv_loop (line:505) - Receiving items from the network...
DEBUG 2025-07-15 06:58:42,011 messagepacker get (line:66) - Assigned msg_id = 7527199575225052044 to ResolveUsernameRequest (106aca120)
DEBUG 2025-07-15 06:58:42,011 mtprotosender _send_loop (line:469) - Encrypting 1 message(s) in 40 bytes for sending
DEBUG 2025-07-15 06:58:42,012 mtprotosender _send_loop (line:495) - Encrypted messages put in a queue to be sent
DEBUG 2025-07-15 06:58:42,012 mtprotosender _send_loop (line:460) - Waiting for messages to send...
DEBUG 2025-07-15 06:58:42,012 messagepacker get (line:66) - Assigned msg_id = 7527199575227899712 to MsgsAck (106b75ae0)
DEBUG 2025-07-15 06:58:42,012 mtprotosender _send_loop (line:469) - Encrypting 1 message(s) in 52 bytes for sending
DEBUG 2025-07-15 06:58:42,012 mtprotosender _send_loop (line:495) - Encrypted messages put in a queue to be sent
DEBUG 2025-07-15 06:58:42,013 mtprotosender _send_loop (line:460) - Waiting for messages to send...
DEBUG 2025-07-15 06:58:42,210 mtprotosender _handle_container (line:657) - Handling container
DEBUG 2025-07-15 06:58:42,211 mtprotosender _handle_update (line:683) - Handling update UpdateShort
DEBUG 2025-07-15 06:58:42,211 mtprotosender _handle_ack (line:844) - Handling acknowledge for [7527199575225052044]
DEBUG 2025-07-15 06:58:42,211 mtprotosender _recv_loop (line:505) - Receiving items from the network...
DEBUG 2025-07-15 06:58:42,251 mtprotosender _handle_rpc_result (line:607) - Handling RPC result for message 7527199575225052044
DEBUG 2025-07-15 06:58:42,252 mtprotosender _recv_loop (line:505) - Receiving items from the network...
DEBUG 2025-07-15 06:58:42,254 messagepacker get (line:66) - Assigned msg_id = 7527199576195643588 to GetHistoryRequest (106aca120)
DEBUG 2025-07-15 06:58:42,254 mtprotosender _send_loop (line:469) - Encrypting 1 message(s) in 72 bytes for sending
DEBUG 2025-07-15 06:58:42,255 mtprotosender _send_loop (line:495) - Encrypted messages put in a queue to be sent
DEBUG 2025-07-15 06:58:42,256 mtprotosender _send_loop (line:460) - Waiting for messages to send...
DEBUG 2025-07-15 06:58:42,257 messagepacker get (line:66) - Assigned msg_id = 7527199576207243128 to MsgsAck (106b7ce50)
DEBUG 2025-07-15 06:58:42,257 mtprotosender _send_loop (line:469) - Encrypting 1 message(s) in 60 bytes for sending
DEBUG 2025-07-15 06:58:42,258 mtprotosender _send_loop (line:495) - Encrypted messages put in a queue to be sent
DEBUG 2025-07-15 06:58:42,258 mtprotosender _send_loop (line:460) - Waiting for messages to send...
DEBUG 2025-07-15 06:58:42,628 mtprotosender _handle_rpc_result (line:607) - Handling RPC result for message 7527199576195643588
DEBUG 2025-07-15 06:58:42,640 mtprotosender _recv_loop (line:505) - Receiving items from the network...
DEBUG 2025-07-15 06:58:42,642 messagepacker get (line:66) - Assigned msg_id = 7527199577747211620 to GetFullChannelRequest (106a31fd0)
DEBUG 2025-07-15 06:58:42,642 mtprotosender _send_loop (line:469) - Encrypting 1 message(s) in 40 bytes for sending
DEBUG 2025-07-15 06:58:42,642 mtprotosender _send_loop (line:495) - Encrypted messages put in a queue to be sent
DEBUG 2025-07-15 06:58:42,642 mtprotosender _send_loop (line:460) - Waiting for messages to send...
DEBUG 2025-07-15 06:58:42,642 messagepacker get (line:66) - Assigned msg_id = 7527199577748979732 to MsgsAck (106b7f750)
DEBUG 2025-07-15 06:58:42,642 mtprotosender _send_loop (line:469) - Encrypting 1 message(s) in 36 bytes for sending
DEBUG 2025-07-15 06:58:42,642 mtprotosender _send_loop (line:495) - Encrypted messages put in a queue to be sent
DEBUG 2025-07-15 06:58:42,642 mtprotosender _send_loop (line:460) - Waiting for messages to send...
DEBUG 2025-07-15 06:58:42,827 mtprotosender _handle_ack (line:844) - Handling acknowledge for [7527199577747211620]
DEBUG 2025-07-15 06:58:42,827 mtprotosender _recv_loop (line:505) - Receiving items from the network...
DEBUG 2025-07-15 06:58:42,829 mtprotosender _handle_update (line:683) - Handling update Updates
DEBUG 2025-07-15 06:58:42,830 mtprotosender _recv_loop (line:505) - Receiving items from the network...
DEBUG 2025-07-15 06:58:42,958 mtprotosender _handle_update (line:683) - Handling update Updates
DEBUG 2025-07-15 06:58:42,959 mtprotosender _recv_loop (line:505) - Receiving items from the network...
DEBUG 2025-07-15 06:58:42,960 mtprotosender _handle_rpc_result (line:607) - Handling RPC result for message 7527199577747211620
DEBUG 2025-07-15 06:58:42,961 mtprotosender _recv_loop (line:505) - Receiving items from the network...
DEBUG 2025-07-15 06:58:42,962 messagepacker get (line:66) - Assigned msg_id = 7527199579027079744 to GetMessagesRequest (106a30ad0)
DEBUG 2025-07-15 06:58:42,962 mtprotosender _send_loop (line:469) - Encrypting 1 message(s) in 56 bytes for sending
DEBUG 2025-07-15 06:58:42,962 mtprotosender _send_loop (line:495) - Encrypted messages put in a queue to be sent
DEBUG 2025-07-15 06:58:42,962 mtprotosender _send_loop (line:460) - Waiting for messages to send...
DEBUG 2025-07-15 06:58:42,962 messagepacker get (line:66) - Assigned msg_id = 7527199579030196352 to MsgsAck (106b37b60)
DEBUG 2025-07-15 06:58:42,962 mtprotosender _send_loop (line:469) - Encrypting 1 message(s) in 60 bytes for sending
DEBUG 2025-07-15 06:58:42,963 mtprotosender _send_loop (line:495) - Encrypted messages put in a queue to be sent
DEBUG 2025-07-15 06:58:42,963 mtprotosender _send_loop (line:460) - Waiting for messages to send...
DEBUG 2025-07-15 06:58:43,160 mtprotosender _handle_rpc_result (line:607) - Handling RPC result for message 7527199579027079744
DEBUG 2025-07-15 06:58:43,161 mtprotosender _recv_loop (line:505) - Receiving items from the network...
INFO 2025-07-15 06:58:43,163 mtprotosender _disconnect (line:319) - Disconnecting from 149.154.167.51:443/TcpFull...
DEBUG 2025-07-15 06:58:43,163 mtprotosender _disconnect (line:322) - Closing current connection...
DEBUG 2025-07-15 06:58:43,185 mtprotosender _disconnect (line:325) - Cancelling 0 pending message(s)...
INFO 2025-07-15 06:58:43,186 mtprotosender _disconnect (line:339) - Disconnection from 149.154.167.51:443/TcpFull complete!
INFO 2025-07-15 06:58:43,270 basehttp log_message (line:213) - "POST /parser/ HTTP/1.1" 302 0
INFO 2025-07-15 06:58:43,300 basehttp log_message (line:213) - "GET /parser/list HTTP/1.1" 200 7568
INFO 2025-07-15 06:58:50,580 basehttp log_message (line:213) - "GET /parser/1/ HTTP/1.1" 200 12366
INFO 2025-07-15 06:59:10,739 basehttp log_message (line:213) - "GET /parser/ HTTP/1.1" 200 5233
DEBUG 2025-07-15 06:59:15,382 selector_events __init__ (line:64) - Using selector: KqueueSelector
INFO 2025-07-15 06:59:15,387 mtprotosender _connect (line:228) - Connecting to 149.154.167.51:443/TcpFull...
DEBUG 2025-07-15 06:59:15,388 mtprotosender _try_connect (line:283) - Connection attempt 1...
DEBUG 2025-07-15 06:59:15,389 mtprotosender _try_connect (line:285) - Connection success!
DEBUG 2025-07-15 06:59:15,389 mtprotosender _connect (line:267) - Starting send loop
DEBUG 2025-07-15 06:59:15,389 mtprotosender _connect (line:270) - Starting receive loop
INFO 2025-07-15 06:59:15,389 mtprotosender _connect (line:279) - Connection to 149.154.167.51:443/TcpFull complete!
DEBUG 2025-07-15 06:59:15,390 mtprotosender _send_loop (line:460) - Waiting for messages to send...
DEBUG 2025-07-15 06:59:15,390 messagepacker get (line:66) - Assigned msg_id = 7527199718474184868 to InvokeWithLayerRequest (106c3bed0)
DEBUG 2025-07-15 06:59:15,390 mtprotosender _send_loop (line:469) - Encrypting 1 message(s) in 76 bytes for sending
DEBUG 2025-07-15 06:59:15,392 mtprotosender _send_loop (line:495) - Encrypted messages put in a queue to be sent
DEBUG 2025-07-15 06:59:15,392 mtprotosender _send_loop (line:460) - Waiting for messages to send...
DEBUG 2025-07-15 06:59:15,393 mtprotosender _recv_loop (line:505) - Receiving items from the network...
DEBUG 2025-07-15 06:59:16,217 mtprotosender _handle_bad_server_salt (line:750) - Handling bad salt for message 7527199718474184868
DEBUG 2025-07-15 06:59:16,217 mtprotosender _handle_bad_server_salt (line:755) - 1 message(s) will be resent
DEBUG 2025-07-15 06:59:16,218 mtprotosender _recv_loop (line:505) - Receiving items from the network...
DEBUG 2025-07-15 06:59:16,218 messagepacker get (line:66) - Assigned msg_id = 7527199722081019880 to InvokeWithLayerRequest (106c3bed0)
DEBUG 2025-07-15 06:59:16,218 mtprotosender _send_loop (line:469) - Encrypting 1 message(s) in 76 bytes for sending
DEBUG 2025-07-15 06:59:16,219 mtprotosender _send_loop (line:495) - Encrypted messages put in a queue to be sent
DEBUG 2025-07-15 06:59:16,219 mtprotosender _send_loop (line:460) - Waiting for messages to send...
DEBUG 2025-07-15 06:59:16,219 messagepacker get (line:66) - Assigned msg_id = 7527199722086883068 to MsgsAck (106c4c830)
DEBUG 2025-07-15 06:59:16,219 mtprotosender _send_loop (line:469) - Encrypting 1 message(s) in 36 bytes for sending
DEBUG 2025-07-15 06:59:16,220 mtprotosender _send_loop (line:495) - Encrypted messages put in a queue to be sent
DEBUG 2025-07-15 06:59:16,220 mtprotosender _send_loop (line:460) - Waiting for messages to send...
DEBUG 2025-07-15 06:59:16,775 mtprotosender _handle_container (line:657) - Handling container
DEBUG 2025-07-15 06:59:16,776 mtprotosender _handle_new_session_created (line:825) - Handling new session created
DEBUG 2025-07-15 06:59:16,776 mtprotosender _handle_ack (line:844) - Handling acknowledge for [7527199722081019880]
DEBUG 2025-07-15 06:59:16,776 mtprotosender _recv_loop (line:505) - Receiving items from the network...
DEBUG 2025-07-15 06:59:16,778 mtprotosender _handle_rpc_result (line:607) - Handling RPC result for message 7527199722081019880
DEBUG 2025-07-15 06:59:16,779 mtprotosender _recv_loop (line:505) - Receiving items from the network...
DEBUG 2025-07-15 06:59:16,780 messagepacker get (line:66) - Assigned msg_id = 7527199724328335284 to GetUsersRequest (106c3a490)
DEBUG 2025-07-15 06:59:16,780 mtprotosender _send_loop (line:469) - Encrypting 1 message(s) in 32 bytes for sending
DEBUG 2025-07-15 06:59:16,780 mtprotosender _send_loop (line:495) - Encrypted messages put in a queue to be sent
DEBUG 2025-07-15 06:59:16,780 mtprotosender _send_loop (line:460) - Waiting for messages to send...
DEBUG 2025-07-15 06:59:16,780 messagepacker get (line:66) - Assigned msg_id = 7527199724331360340 to MsgsAck (106a3f110)
DEBUG 2025-07-15 06:59:16,781 mtprotosender _send_loop (line:469) - Encrypting 1 message(s) in 60 bytes for sending
DEBUG 2025-07-15 06:59:16,781 mtprotosender _send_loop (line:495) - Encrypted messages put in a queue to be sent
DEBUG 2025-07-15 06:59:16,781 mtprotosender _send_loop (line:460) - Waiting for messages to send...
DEBUG 2025-07-15 06:59:17,115 mtprotosender _handle_rpc_result (line:607) - Handling RPC result for message 7527199724328335284
DEBUG 2025-07-15 06:59:17,116 mtprotosender _recv_loop (line:505) - Receiving items from the network...
DEBUG 2025-07-15 06:59:17,117 messagepacker get (line:66) - Assigned msg_id = 7527199725971447112 to GetStateRequest (106c3a490)
DEBUG 2025-07-15 06:59:17,117 mtprotosender _send_loop (line:469) - Encrypting 1 message(s) in 20 bytes for sending
DEBUG 2025-07-15 06:59:17,117 mtprotosender _send_loop (line:495) - Encrypted messages put in a queue to be sent
DEBUG 2025-07-15 06:59:17,118 mtprotosender _send_loop (line:460) - Waiting for messages to send...
DEBUG 2025-07-15 06:59:17,118 messagepacker get (line:66) - Assigned msg_id = 7527199725975578432 to MsgsAck (106bac290)
DEBUG 2025-07-15 06:59:17,118 mtprotosender _send_loop (line:469) - Encrypting 1 message(s) in 36 bytes for sending
DEBUG 2025-07-15 06:59:17,120 mtprotosender _send_loop (line:495) - Encrypted messages put in a queue to be sent
DEBUG 2025-07-15 06:59:17,120 mtprotosender _send_loop (line:460) - Waiting for messages to send...
DEBUG 2025-07-15 06:59:17,312 mtprotosender _handle_rpc_result (line:607) - Handling RPC result for message 7527199725971447112
DEBUG 2025-07-15 06:59:17,313 mtprotosender _recv_loop (line:505) - Receiving items from the network...
DEBUG 2025-07-15 06:59:17,313 messagepacker get (line:66) - Assigned msg_id = 7527199726757495048 to GetDifferenceRequest (106c3a490)
DEBUG 2025-07-15 06:59:17,313 mtprotosender _send_loop (line:469) - Encrypting 1 message(s) in 36 bytes for sending
DEBUG 2025-07-15 06:59:17,314 mtprotosender _send_loop (line:495) - Encrypted messages put in a queue to be sent
DEBUG 2025-07-15 06:59:17,314 mtprotosender _send_loop (line:460) - Waiting for messages to send...
DEBUG 2025-07-15 06:59:17,314 messagepacker get (line:66) - Assigned msg_id = 7527199726761510972 to MsgsAck (106bac7d0)
DEBUG 2025-07-15 06:59:17,314 mtprotosender _send_loop (line:469) - Encrypting 1 message(s) in 36 bytes for sending
DEBUG 2025-07-15 06:59:17,315 mtprotosender _send_loop (line:495) - Encrypted messages put in a queue to be sent
DEBUG 2025-07-15 06:59:17,315 mtprotosender _send_loop (line:460) - Waiting for messages to send...
DEBUG 2025-07-15 06:59:17,533 mtprotosender _handle_rpc_result (line:607) - Handling RPC result for message 7527199726757495048
DEBUG 2025-07-15 06:59:17,534 mtprotosender _recv_loop (line:505) - Receiving items from the network...
DEBUG 2025-07-15 06:59:18,540 messagepacker get (line:66) - Assigned msg_id = 7527199731959202532 to ResolveUsernameRequest (106c3bed0)
DEBUG 2025-07-15 06:59:18,540 mtprotosender _send_loop (line:469) - Encrypting 1 message(s) in 36 bytes for sending
DEBUG 2025-07-15 06:59:18,541 mtprotosender _send_loop (line:495) - Encrypted messages put in a queue to be sent
DEBUG 2025-07-15 06:59:18,541 mtprotosender _send_loop (line:460) - Waiting for messages to send...
DEBUG 2025-07-15 06:59:18,541 messagepacker get (line:66) - Assigned msg_id = 7527199731964398152 to MsgsAck (106bd9650)
DEBUG 2025-07-15 06:59:18,542 mtprotosender _send_loop (line:469) - Encrypting 1 message(s) in 36 bytes for sending
DEBUG 2025-07-15 06:59:18,542 mtprotosender _send_loop (line:495) - Encrypted messages put in a queue to be sent
DEBUG 2025-07-15 06:59:18,542 mtprotosender _send_loop (line:460) - Waiting for messages to send...
DEBUG 2025-07-15 06:59:18,787 mtprotosender _handle_rpc_result (line:607) - Handling RPC result for message 7527199731959202532
DEBUG 2025-07-15 06:59:18,788 mtprotosender _recv_loop (line:505) - Receiving items from the network...
DEBUG 2025-07-15 06:59:18,789 messagepacker get (line:66) - Assigned msg_id = 7527199732956738240 to GetHistoryRequest (106b83890)
DEBUG 2025-07-15 06:59:18,790 mtprotosender _send_loop (line:469) - Encrypting 1 message(s) in 72 bytes for sending
DEBUG 2025-07-15 06:59:18,790 mtprotosender _send_loop (line:495) - Encrypted messages put in a queue to be sent
DEBUG 2025-07-15 06:59:18,790 mtprotosender _send_loop (line:460) - Waiting for messages to send...
DEBUG 2025-07-15 06:59:18,790 messagepacker get (line:66) - Assigned msg_id = 7527199732959778552 to MsgsAck (106bd85d0)
DEBUG 2025-07-15 06:59:18,790 mtprotosender _send_loop (line:469) - Encrypting 1 message(s) in 36 bytes for sending
DEBUG 2025-07-15 06:59:18,790 mtprotosender _send_loop (line:495) - Encrypted messages put in a queue to be sent
DEBUG 2025-07-15 06:59:18,791 mtprotosender _send_loop (line:460) - Waiting for messages to send...
DEBUG 2025-07-15 06:59:19,358 mtprotosender _handle_rpc_result (line:607) - Handling RPC result for message 7527199732956738240
DEBUG 2025-07-15 06:59:19,360 mtprotosender _recv_loop (line:505) - Receiving items from the network...
DEBUG 2025-07-15 06:59:19,364 mtprotosender _handle_update (line:683) - Handling update UpdateShort
DEBUG 2025-07-15 06:59:19,364 mtprotosender _recv_loop (line:505) - Receiving items from the network...
DEBUG 2025-07-15 06:59:19,364 messagepacker get (line:66) - Assigned msg_id = 7527199735549698240 to GetFullChannelRequest (106c3bed0)
DEBUG 2025-07-15 06:59:19,364 mtprotosender _send_loop (line:469) - Encrypting 1 message(s) in 40 bytes for sending
DEBUG 2025-07-15 06:59:19,364 mtprotosender _send_loop (line:495) - Encrypted messages put in a queue to be sent
DEBUG 2025-07-15 06:59:19,364 mtprotosender _send_loop (line:460) - Waiting for messages to send...
DEBUG 2025-07-15 06:59:19,364 messagepacker get (line:66) - Assigned msg_id = 7527199735550338156 to MsgsAck (106b5fd90)
DEBUG 2025-07-15 06:59:19,364 mtprotosender _send_loop (line:469) - Encrypting 1 message(s) in 44 bytes for sending
DEBUG 2025-07-15 06:59:19,364 mtprotosender _send_loop (line:495) - Encrypted messages put in a queue to be sent
DEBUG 2025-07-15 06:59:19,364 mtprotosender _send_loop (line:460) - Waiting for messages to send...
DEBUG 2025-07-15 06:59:19,622 mtprotosender _handle_rpc_result (line:607) - Handling RPC result for message 7527199735549698240
DEBUG 2025-07-15 06:59:19,623 mtprotosender _recv_loop (line:505) - Receiving items from the network...
DEBUG 2025-07-15 06:59:19,624 messagepacker get (line:66) - Assigned msg_id = 7527199736590194112 to GetMessagesRequest (106b83890)
DEBUG 2025-07-15 06:59:19,624 mtprotosender _send_loop (line:469) - Encrypting 1 message(s) in 56 bytes for sending
DEBUG 2025-07-15 06:59:19,624 mtprotosender _send_loop (line:495) - Encrypted messages put in a queue to be sent
DEBUG 2025-07-15 06:59:19,624 mtprotosender _send_loop (line:460) - Waiting for messages to send...
DEBUG 2025-07-15 06:59:19,625 messagepacker get (line:66) - Assigned msg_id = 7527199736592957860 to MsgsAck (106c2a5d0)
DEBUG 2025-07-15 06:59:19,625 mtprotosender _send_loop (line:469) - Encrypting 1 message(s) in 36 bytes for sending
DEBUG 2025-07-15 06:59:19,625 mtprotosender _send_loop (line:495) - Encrypted messages put in a queue to be sent
DEBUG 2025-07-15 06:59:19,625 mtprotosender _send_loop (line:460) - Waiting for messages to send...
DEBUG 2025-07-15 06:59:19,807 mtprotosender _handle_update (line:683) - Handling update Updates
DEBUG 2025-07-15 06:59:19,808 mtprotosender _recv_loop (line:505) - Receiving items from the network...
DEBUG 2025-07-15 06:59:19,812 mtprotosender _handle_update (line:683) - Handling update Updates
DEBUG 2025-07-15 06:59:19,812 mtprotosender _recv_loop (line:505) - Receiving items from the network...
DEBUG 2025-07-15 06:59:19,814 mtprotosender _handle_update (line:683) - Handling update Updates
DEBUG 2025-07-15 06:59:19,814 mtprotosender _recv_loop (line:505) - Receiving items from the network...
DEBUG 2025-07-15 06:59:19,815 mtprotosender _handle_ack (line:844) - Handling acknowledge for [7527199736590194112]
DEBUG 2025-07-15 06:59:19,815 mtprotosender _recv_loop (line:505) - Receiving items from the network...
DEBUG 2025-07-15 06:59:19,838 mtprotosender _handle_rpc_result (line:607) - Handling RPC result for message 7527199736590194112
DEBUG 2025-07-15 06:59:19,838 mtprotosender _recv_loop (line:505) - Receiving items from the network...
INFO 2025-07-15 06:59:19,866 mtprotosender _disconnect (line:319) - Disconnecting from 149.154.167.51:443/TcpFull...
DEBUG 2025-07-15 06:59:19,866 mtprotosender _disconnect (line:322) - Closing current connection...
DEBUG 2025-07-15 06:59:19,867 mtprotosender _disconnect (line:325) - Cancelling 0 pending message(s)...
INFO 2025-07-15 06:59:19,867 mtprotosender _disconnect (line:339) - Disconnection from 149.154.167.51:443/TcpFull complete!
INFO 2025-07-15 06:59:20,542 basehttp log_message (line:213) - "POST /parser/ HTTP/1.1" 200 5251
INFO 2025-07-15 06:59:22,239 basehttp log_message (line:213) - "GET /parser/list HTTP/1.1" 200 6937
INFO 2025-07-15 07:07:01,550 autoreload trigger_reload (line:265) - /Users/macbook/PycharmProjects/tg_parser_example/parserexample/parser/parser.py changed, reloading.
INFO 2025-07-15 07:07:01,960 autoreload run_with_reloader (line:667) - Watching for file changes with StatReloader
INFO 2025-07-15 07:07:01,978 aes <module> (line:23) - libssl detected, it will be used for encryption
INFO 2025-07-15 07:07:04,609 basehttp log_message (line:213) - "GET / HTTP/1.1" 200 3358
INFO 2025-07-15 07:07:06,619 basehttp log_message (line:213) - "GET /parser/ HTTP/1.1" 200 5233
DEBUG 2025-07-15 07:07:11,645 selector_events __init__ (line:64) - Using selector: KqueueSelector
INFO 2025-07-15 07:07:11,650 mtprotosender _connect (line:228) - Connecting to 149.154.167.51:443/TcpFull...
DEBUG 2025-07-15 07:07:11,651 mtprotosender _try_connect (line:283) - Connection attempt 1...
DEBUG 2025-07-15 07:07:11,652 mtprotosender _try_connect (line:285) - Connection success!
DEBUG 2025-07-15 07:07:11,652 mtprotosender _connect (line:267) - Starting send loop
DEBUG 2025-07-15 07:07:11,652 mtprotosender _connect (line:270) - Starting receive loop
INFO 2025-07-15 07:07:11,652 mtprotosender _connect (line:279) - Connection to 149.154.167.51:443/TcpFull complete!
DEBUG 2025-07-15 07:07:11,653 mtprotosender _send_loop (line:460) - Waiting for messages to send...
DEBUG 2025-07-15 07:07:11,653 messagepacker get (line:66) - Assigned msg_id = 7527201763931529524 to InvokeWithLayerRequest (106c79be0)
DEBUG 2025-07-15 07:07:11,653 mtprotosender _send_loop (line:469) - Encrypting 1 message(s) in 76 bytes for sending
DEBUG 2025-07-15 07:07:11,657 mtprotosender _send_loop (line:495) - Encrypted messages put in a queue to be sent
DEBUG 2025-07-15 07:07:11,657 mtprotosender _send_loop (line:460) - Waiting for messages to send...
DEBUG 2025-07-15 07:07:11,657 mtprotosender _recv_loop (line:505) - Receiving items from the network...
DEBUG 2025-07-15 07:07:12,098 mtprotosender _handle_bad_server_salt (line:750) - Handling bad salt for message 7527201763931529524
DEBUG 2025-07-15 07:07:12,098 mtprotosender _handle_bad_server_salt (line:755) - 1 message(s) will be resent
DEBUG 2025-07-15 07:07:12,098 mtprotosender _recv_loop (line:505) - Receiving items from the network...
DEBUG 2025-07-15 07:07:12,098 messagepacker get (line:66) - Assigned msg_id = 7527201766006784564 to InvokeWithLayerRequest (106c79be0)
DEBUG 2025-07-15 07:07:12,098 mtprotosender _send_loop (line:469) - Encrypting 1 message(s) in 76 bytes for sending
DEBUG 2025-07-15 07:07:12,098 mtprotosender _send_loop (line:495) - Encrypted messages put in a queue to be sent
DEBUG 2025-07-15 07:07:12,099 mtprotosender _send_loop (line:460) - Waiting for messages to send...
DEBUG 2025-07-15 07:07:12,099 messagepacker get (line:66) - Assigned msg_id = 7527201766008856896 to MsgsAck (106c79fd0)
DEBUG 2025-07-15 07:07:12,099 mtprotosender _send_loop (line:469) - Encrypting 1 message(s) in 36 bytes for sending
DEBUG 2025-07-15 07:07:12,099 mtprotosender _send_loop (line:495) - Encrypted messages put in a queue to be sent
DEBUG 2025-07-15 07:07:12,099 mtprotosender _send_loop (line:460) - Waiting for messages to send...
DEBUG 2025-07-15 07:07:12,324 mtprotosender _handle_container (line:657) - Handling container
DEBUG 2025-07-15 07:07:12,324 mtprotosender _handle_new_session_created (line:825) - Handling new session created
DEBUG 2025-07-15 07:07:12,325 mtprotosender _handle_ack (line:844) - Handling acknowledge for [7527201766006784564]
DEBUG 2025-07-15 07:07:12,325 mtprotosender _recv_loop (line:505) - Receiving items from the network...
DEBUG 2025-07-15 07:07:12,376 mtprotosender _handle_rpc_result (line:607) - Handling RPC result for message 7527201766006784564
DEBUG 2025-07-15 07:07:12,376 mtprotosender _recv_loop (line:505) - Receiving items from the network...
DEBUG 2025-07-15 07:07:12,377 messagepacker get (line:66) - Assigned msg_id = 7527201767120945100 to GetUsersRequest (106c7a3c0)
DEBUG 2025-07-15 07:07:12,377 mtprotosender _send_loop (line:469) - Encrypting 1 message(s) in 32 bytes for sending
DEBUG 2025-07-15 07:07:12,377 mtprotosender _send_loop (line:495) - Encrypted messages put in a queue to be sent
DEBUG 2025-07-15 07:07:12,377 mtprotosender _send_loop (line:460) - Waiting for messages to send...
DEBUG 2025-07-15 07:07:12,377 messagepacker get (line:66) - Assigned msg_id = 7527201767121656540 to MsgsAck (106ca0550)
DEBUG 2025-07-15 07:07:12,377 mtprotosender _send_loop (line:469) - Encrypting 1 message(s) in 60 bytes for sending
DEBUG 2025-07-15 07:07:12,377 mtprotosender _send_loop (line:495) - Encrypted messages put in a queue to be sent
DEBUG 2025-07-15 07:07:12,377 mtprotosender _send_loop (line:460) - Waiting for messages to send...
DEBUG 2025-07-15 07:07:12,693 mtprotosender _handle_rpc_result (line:607) - Handling RPC result for message 7527201767120945100
DEBUG 2025-07-15 07:07:12,694 mtprotosender _recv_loop (line:505) - Receiving items from the network...
DEBUG 2025-07-15 07:07:12,695 messagepacker get (line:66) - Assigned msg_id = 7527201768394940500 to GetStateRequest (106c7a3c0)
DEBUG 2025-07-15 07:07:12,696 mtprotosender _send_loop (line:469) - Encrypting 1 message(s) in 20 bytes for sending
DEBUG 2025-07-15 07:07:12,696 mtprotosender _send_loop (line:495) - Encrypted messages put in a queue to be sent
DEBUG 2025-07-15 07:07:12,696 mtprotosender _send_loop (line:460) - Waiting for messages to send...
DEBUG 2025-07-15 07:07:12,696 messagepacker get (line:66) - Assigned msg_id = 7527201768399601104 to MsgsAck (1069bbce0)
DEBUG 2025-07-15 07:07:12,697 mtprotosender _send_loop (line:469) - Encrypting 1 message(s) in 36 bytes for sending
DEBUG 2025-07-15 07:07:12,697 mtprotosender _send_loop (line:495) - Encrypted messages put in a queue to be sent
DEBUG 2025-07-15 07:07:12,697 mtprotosender _send_loop (line:460) - Waiting for messages to send...
DEBUG 2025-07-15 07:07:13,379 mtprotosender _handle_rpc_result (line:607) - Handling RPC result for message 7527201768394940500
DEBUG 2025-07-15 07:07:13,381 mtprotosender _recv_loop (line:505) - Receiving items from the network...
DEBUG 2025-07-15 07:07:13,383 messagepacker get (line:66) - Assigned msg_id = 7527201771439215428 to GetDifferenceRequest (106c7a3c0)
DEBUG 2025-07-15 07:07:13,383 mtprotosender _send_loop (line:469) - Encrypting 1 message(s) in 36 bytes for sending
DEBUG 2025-07-15 07:07:13,383 mtprotosender _send_loop (line:495) - Encrypted messages put in a queue to be sent
DEBUG 2025-07-15 07:07:13,383 mtprotosender _send_loop (line:460) - Waiting for messages to send...
DEBUG 2025-07-15 07:07:13,383 messagepacker get (line:66) - Assigned msg_id = 7527201771441783672 to MsgsAck (106d98050)
DEBUG 2025-07-15 07:07:13,383 mtprotosender _send_loop (line:469) - Encrypting 1 message(s) in 36 bytes for sending
DEBUG 2025-07-15 07:07:13,384 mtprotosender _send_loop (line:495) - Encrypted messages put in a queue to be sent
DEBUG 2025-07-15 07:07:13,384 mtprotosender _send_loop (line:460) - Waiting for messages to send...
DEBUG 2025-07-15 07:07:13,608 mtprotosender _handle_rpc_result (line:607) - Handling RPC result for message 7527201771439215428
DEBUG 2025-07-15 07:07:13,609 mtprotosender _recv_loop (line:505) - Receiving items from the network...
DEBUG 2025-07-15 07:07:14,615 messagepacker get (line:66) - Assigned msg_id = 7527201776662103064 to ResolveUsernameRequest (106c7a120)
DEBUG 2025-07-15 07:07:14,615 mtprotosender _send_loop (line:469) - Encrypting 1 message(s) in 36 bytes for sending
DEBUG 2025-07-15 07:07:14,616 mtprotosender _send_loop (line:495) - Encrypted messages put in a queue to be sent
DEBUG 2025-07-15 07:07:14,616 mtprotosender _send_loop (line:460) - Waiting for messages to send...
DEBUG 2025-07-15 07:07:14,616 messagepacker get (line:66) - Assigned msg_id = 7527201776669215568 to MsgsAck (106310dd0)
DEBUG 2025-07-15 07:07:14,617 mtprotosender _send_loop (line:469) - Encrypting 1 message(s) in 36 bytes for sending
DEBUG 2025-07-15 07:07:14,617 mtprotosender _send_loop (line:495) - Encrypted messages put in a queue to be sent
DEBUG 2025-07-15 07:07:14,618 mtprotosender _send_loop (line:460) - Waiting for messages to send...
DEBUG 2025-07-15 07:07:14,618 mtprotosender _handle_update (line:683) - Handling update UpdateShort
DEBUG 2025-07-15 07:07:14,618 mtprotosender _recv_loop (line:505) - Receiving items from the network...
DEBUG 2025-07-15 07:07:14,835 mtprotosender _handle_update (line:683) - Handling update Updates
DEBUG 2025-07-15 07:07:14,835 mtprotosender _recv_loop (line:505) - Receiving items from the network...
DEBUG 2025-07-15 07:07:14,837 mtprotosender _handle_update (line:683) - Handling update Updates
DEBUG 2025-07-15 07:07:14,837 mtprotosender _recv_loop (line:505) - Receiving items from the network...
DEBUG 2025-07-15 07:07:14,840 mtprotosender _handle_update (line:683) - Handling update Updates
DEBUG 2025-07-15 07:07:14,840 mtprotosender _recv_loop (line:505) - Receiving items from the network...
DEBUG 2025-07-15 07:07:14,840 mtprotosender _handle_ack (line:844) - Handling acknowledge for [7527201776662103064]
DEBUG 2025-07-15 07:07:14,841 mtprotosender _recv_loop (line:505) - Receiving items from the network...
DEBUG 2025-07-15 07:07:14,847 mtprotosender _handle_rpc_result (line:607) - Handling RPC result for message 7527201776662103064
DEBUG 2025-07-15 07:07:14,848 mtprotosender _recv_loop (line:505) - Receiving items from the network...
DEBUG 2025-07-15 07:07:14,849 messagepacker get (line:66) - Assigned msg_id = 7527201777599979768 to GetHistoryRequest (106c7a120)
DEBUG 2025-07-15 07:07:14,849 mtprotosender _send_loop (line:469) - Encrypting 1 message(s) in 72 bytes for sending
DEBUG 2025-07-15 07:07:14,849 mtprotosender _send_loop (line:495) - Encrypted messages put in a queue to be sent
DEBUG 2025-07-15 07:07:14,849 mtprotosender _send_loop (line:460) - Waiting for messages to send...
DEBUG 2025-07-15 07:07:14,850 messagepacker get (line:66) - Assigned msg_id = 7527201777602071176 to MsgsAck (106cd5d00)
DEBUG 2025-07-15 07:07:14,850 mtprotosender _send_loop (line:469) - Encrypting 1 message(s) in 76 bytes for sending
DEBUG 2025-07-15 07:07:14,850 mtprotosender _send_loop (line:495) - Encrypted messages put in a queue to be sent
DEBUG 2025-07-15 07:07:14,850 mtprotosender _send_loop (line:460) - Waiting for messages to send...
DEBUG 2025-07-15 07:07:15,257 mtprotosender _handle_rpc_result (line:607) - Handling RPC result for message 7527201777599979768
DEBUG 2025-07-15 07:07:15,259 mtprotosender _recv_loop (line:505) - Receiving items from the network...
DEBUG 2025-07-15 07:07:15,265 messagepacker get (line:66) - Assigned msg_id = 7527201779558066380 to GetFullChannelRequest (106b84ad0)
DEBUG 2025-07-15 07:07:15,265 mtprotosender _send_loop (line:469) - Encrypting 1 message(s) in 40 bytes for sending
DEBUG 2025-07-15 07:07:15,265 mtprotosender _send_loop (line:495) - Encrypted messages put in a queue to be sent
DEBUG 2025-07-15 07:07:15,265 mtprotosender _send_loop (line:460) - Waiting for messages to send...
DEBUG 2025-07-15 07:07:15,265 messagepacker get (line:66) - Assigned msg_id = 7527201779559134496 to MsgsAck (106cced50)
DEBUG 2025-07-15 07:07:15,265 mtprotosender _send_loop (line:469) - Encrypting 1 message(s) in 36 bytes for sending
DEBUG 2025-07-15 07:07:15,265 mtprotosender _send_loop (line:495) - Encrypted messages put in a queue to be sent
DEBUG 2025-07-15 07:07:15,265 mtprotosender _send_loop (line:460) - Waiting for messages to send...
DEBUG 2025-07-15 07:07:15,500 mtprotosender _handle_rpc_result (line:607) - Handling RPC result for message 7527201779558066380
DEBUG 2025-07-15 07:07:15,501 mtprotosender _recv_loop (line:505) - Receiving items from the network...
DEBUG 2025-07-15 07:07:15,501 messagepacker get (line:66) - Assigned msg_id = 7527201780502754224 to GetMessagesRequest (106b86510)
DEBUG 2025-07-15 07:07:15,501 mtprotosender _send_loop (line:469) - Encrypting 1 message(s) in 56 bytes for sending
DEBUG 2025-07-15 07:07:15,501 mtprotosender _send_loop (line:495) - Encrypted messages put in a queue to be sent
DEBUG 2025-07-15 07:07:15,501 mtprotosender _send_loop (line:460) - Waiting for messages to send...
DEBUG 2025-07-15 07:07:15,502 messagepacker get (line:66) - Assigned msg_id = 7527201780505030644 to MsgsAck (106ccee50)
DEBUG 2025-07-15 07:07:15,502 mtprotosender _send_loop (line:469) - Encrypting 1 message(s) in 36 bytes for sending
DEBUG 2025-07-15 07:07:15,502 mtprotosender _send_loop (line:495) - Encrypted messages put in a queue to be sent
DEBUG 2025-07-15 07:07:15,502 mtprotosender _send_loop (line:460) - Waiting for messages to send...
DEBUG 2025-07-15 07:07:15,707 mtprotosender _handle_rpc_result (line:607) - Handling RPC result for message 7527201780502754224
DEBUG 2025-07-15 07:07:15,708 mtprotosender _recv_loop (line:505) - Receiving items from the network...
INFO 2025-07-15 07:07:15,759 mtprotosender _disconnect (line:319) - Disconnecting from 149.154.167.51:443/TcpFull...
DEBUG 2025-07-15 07:07:15,760 mtprotosender _disconnect (line:322) - Closing current connection...
DEBUG 2025-07-15 07:07:15,760 mtprotosender _disconnect (line:325) - Cancelling 0 pending message(s)...
INFO 2025-07-15 07:07:15,760 mtprotosender _disconnect (line:339) - Disconnection from 149.154.167.51:443/TcpFull complete!
INFO 2025-07-15 07:07:15,836 basehttp log_message (line:213) - "POST /parser/ HTTP/1.1" 302 0
INFO 2025-07-15 07:07:15,863 basehttp log_message (line:213) - "GET /parser/list HTTP/1.1" 200 8652
INFO 2025-07-15 07:07:19,086 basehttp log_message (line:213) - "GET /parser/3/ HTTP/1.1" 200 34062
INFO 2025-07-15 07:07:38,699 basehttp log_message (line:213) - "GET / HTTP/1.1" 200 3358
INFO 2025-07-15 07:07:40,457 basehttp log_message (line:213) - "GET /parser/list HTTP/1.1" 200 8079
INFO 2025-07-15 07:07:41,550 basehttp log_message (line:213) - "GET /parser/1/ HTTP/1.1" 200 12366
INFO 2025-07-15 07:07:44,877 basehttp log_message (line:213) - "GET /parser/ HTTP/1.1" 200 5233
DEBUG 2025-07-15 07:07:51,388 selector_events __init__ (line:64) - Using selector: KqueueSelector
INFO 2025-07-15 07:07:51,395 mtprotosender _connect (line:228) - Connecting to 149.154.167.51:443/TcpFull...
DEBUG 2025-07-15 07:07:51,395 mtprotosender _try_connect (line:283) - Connection attempt 1...
DEBUG 2025-07-15 07:07:51,397 mtprotosender _try_connect (line:285) - Connection success!
DEBUG 2025-07-15 07:07:51,397 mtprotosender _connect (line:267) - Starting send loop
DEBUG 2025-07-15 07:07:51,397 mtprotosender _connect (line:270) - Starting receive loop
INFO 2025-07-15 07:07:51,397 mtprotosender _connect (line:279) - Connection to 149.154.167.51:443/TcpFull complete!
DEBUG 2025-07-15 07:07:51,398 mtprotosender _send_loop (line:460) - Waiting for messages to send...
DEBUG 2025-07-15 07:07:51,398 messagepacker get (line:66) - Assigned msg_id = 7527201934710408780 to InvokeWithLayerRequest (106cd39d0)
DEBUG 2025-07-15 07:07:51,398 mtprotosender _send_loop (line:469) - Encrypting 1 message(s) in 76 bytes for sending
DEBUG 2025-07-15 07:07:51,401 mtprotosender _send_loop (line:495) - Encrypted messages put in a queue to be sent
DEBUG 2025-07-15 07:07:51,401 mtprotosender _send_loop (line:460) - Waiting for messages to send...
DEBUG 2025-07-15 07:07:51,401 mtprotosender _recv_loop (line:505) - Receiving items from the network...
DEBUG 2025-07-15 07:07:51,806 mtprotosender _handle_bad_server_salt (line:750) - Handling bad salt for message 7527201934710408780
DEBUG 2025-07-15 07:07:51,807 mtprotosender _handle_bad_server_salt (line:755) - 1 message(s) will be resent
DEBUG 2025-07-15 07:07:51,807 mtprotosender _recv_loop (line:505) - Receiving items from the network...
DEBUG 2025-07-15 07:07:51,807 messagepacker get (line:66) - Assigned msg_id = 7527201936345693204 to InvokeWithLayerRequest (106cd39d0)
DEBUG 2025-07-15 07:07:51,807 mtprotosender _send_loop (line:469) - Encrypting 1 message(s) in 76 bytes for sending
DEBUG 2025-07-15 07:07:51,808 mtprotosender _send_loop (line:495) - Encrypted messages put in a queue to be sent
DEBUG 2025-07-15 07:07:51,808 mtprotosender _send_loop (line:460) - Waiting for messages to send...
DEBUG 2025-07-15 07:07:51,808 messagepacker get (line:66) - Assigned msg_id = 7527201936349864576 to MsgsAck (106c8f020)
DEBUG 2025-07-15 07:07:51,808 mtprotosender _send_loop (line:469) - Encrypting 1 message(s) in 36 bytes for sending
DEBUG 2025-07-15 07:07:51,809 mtprotosender _send_loop (line:495) - Encrypted messages put in a queue to be sent
DEBUG 2025-07-15 07:07:51,809 mtprotosender _send_loop (line:460) - Waiting for messages to send...
DEBUG 2025-07-15 07:07:52,088 mtprotosender _handle_container (line:657) - Handling container
DEBUG 2025-07-15 07:07:52,088 mtprotosender _handle_new_session_created (line:825) - Handling new session created
DEBUG 2025-07-15 07:07:52,088 mtprotosender _handle_ack (line:844) - Handling acknowledge for [7527201936345693204]
DEBUG 2025-07-15 07:07:52,089 mtprotosender _recv_loop (line:505) - Receiving items from the network...
DEBUG 2025-07-15 07:07:52,090 mtprotosender _handle_rpc_result (line:607) - Handling RPC result for message 7527201936345693204
DEBUG 2025-07-15 07:07:52,090 mtprotosender _recv_loop (line:505) - Receiving items from the network...
DEBUG 2025-07-15 07:07:52,091 messagepacker get (line:66) - Assigned msg_id = 7527201937777048324 to GetUsersRequest (106cd3610)
DEBUG 2025-07-15 07:07:52,091 mtprotosender _send_loop (line:469) - Encrypting 1 message(s) in 32 bytes for sending
DEBUG 2025-07-15 07:07:52,091 mtprotosender _send_loop (line:495) - Encrypted messages put in a queue to be sent
DEBUG 2025-07-15 07:07:52,092 mtprotosender _send_loop (line:460) - Waiting for messages to send...
DEBUG 2025-07-15 07:07:52,092 messagepacker get (line:66) - Assigned msg_id = 7527201937779452536 to MsgsAck (106da0ad0)
DEBUG 2025-07-15 07:07:52,092 mtprotosender _send_loop (line:469) - Encrypting 1 message(s) in 60 bytes for sending
DEBUG 2025-07-15 07:07:52,092 mtprotosender _send_loop (line:495) - Encrypted messages put in a queue to be sent
DEBUG 2025-07-15 07:07:52,092 mtprotosender _send_loop (line:460) - Waiting for messages to send...
DEBUG 2025-07-15 07:07:52,467 mtprotosender _handle_rpc_result (line:607) - Handling RPC result for message 7527201937777048324
DEBUG 2025-07-15 07:07:52,468 mtprotosender _recv_loop (line:505) - Receiving items from the network...
DEBUG 2025-07-15 07:07:52,469 messagepacker get (line:66) - Assigned msg_id = 7527201939286645148 to GetStateRequest (106cd3610)
DEBUG 2025-07-15 07:07:52,469 mtprotosender _send_loop (line:469) - Encrypting 1 message(s) in 20 bytes for sending
DEBUG 2025-07-15 07:07:52,469 mtprotosender _send_loop (line:495) - Encrypted messages put in a queue to be sent
DEBUG 2025-07-15 07:07:52,469 mtprotosender _send_loop (line:460) - Waiting for messages to send...
DEBUG 2025-07-15 07:07:52,469 messagepacker get (line:66) - Assigned msg_id = 7527201939290600036 to MsgsAck (106da0d70)
DEBUG 2025-07-15 07:07:52,470 mtprotosender _send_loop (line:469) - Encrypting 1 message(s) in 36 bytes for sending
DEBUG 2025-07-15 07:07:52,470 mtprotosender _send_loop (line:495) - Encrypted messages put in a queue to be sent
DEBUG 2025-07-15 07:07:52,470 mtprotosender _send_loop (line:460) - Waiting for messages to send...
DEBUG 2025-07-15 07:07:52,715 mtprotosender _handle_rpc_result (line:607) - Handling RPC result for message 7527201939286645148
DEBUG 2025-07-15 07:07:52,716 mtprotosender _recv_loop (line:505) - Receiving items from the network...
DEBUG 2025-07-15 07:07:52,717 messagepacker get (line:66) - Assigned msg_id = 7527201940279585100 to GetDifferenceRequest (106cd3610)
DEBUG 2025-07-15 07:07:52,717 mtprotosender _send_loop (line:469) - Encrypting 1 message(s) in 36 bytes for sending
DEBUG 2025-07-15 07:07:52,717 mtprotosender _send_loop (line:495) - Encrypted messages put in a queue to be sent
DEBUG 2025-07-15 07:07:52,718 mtprotosender _send_loop (line:460) - Waiting for messages to send...
DEBUG 2025-07-15 07:07:52,718 messagepacker get (line:66) - Assigned msg_id = 7527201940283380720 to MsgsAck (106d90050)
DEBUG 2025-07-15 07:07:52,718 mtprotosender _send_loop (line:469) - Encrypting 1 message(s) in 36 bytes for sending
DEBUG 2025-07-15 07:07:52,718 mtprotosender _send_loop (line:495) - Encrypted messages put in a queue to be sent
DEBUG 2025-07-15 07:07:52,719 mtprotosender _send_loop (line:460) - Waiting for messages to send...
DEBUG 2025-07-15 07:07:52,937 mtprotosender _handle_rpc_result (line:607) - Handling RPC result for message 7527201940279585100
DEBUG 2025-07-15 07:07:52,938 mtprotosender _recv_loop (line:505) - Receiving items from the network...
DEBUG 2025-07-15 07:07:53,945 messagepacker get (line:66) - Assigned msg_id = 7527201945486067632 to ResolveUsernameRequest (106cd39d0)
DEBUG 2025-07-15 07:07:53,945 mtprotosender _send_loop (line:469) - Encrypting 1 message(s) in 40 bytes for sending
DEBUG 2025-07-15 07:07:53,946 mtprotosender _send_loop (line:495) - Encrypted messages put in a queue to be sent
DEBUG 2025-07-15 07:07:53,946 mtprotosender _send_loop (line:460) - Waiting for messages to send...
DEBUG 2025-07-15 07:07:53,946 messagepacker get (line:66) - Assigned msg_id = 7527201945491651392 to MsgsAck (106d07ad0)
DEBUG 2025-07-15 07:07:53,946 mtprotosender _send_loop (line:469) - Encrypting 1 message(s) in 36 bytes for sending
DEBUG 2025-07-15 07:07:53,947 mtprotosender _send_loop (line:495) - Encrypted messages put in a queue to be sent
DEBUG 2025-07-15 07:07:53,947 mtprotosender _send_loop (line:460) - Waiting for messages to send...
DEBUG 2025-07-15 07:07:54,244 mtprotosender _handle_rpc_result (line:607) - Handling RPC result for message 7527201945486067632
DEBUG 2025-07-15 07:07:54,245 mtprotosender _recv_loop (line:505) - Receiving items from the network...
DEBUG 2025-07-15 07:07:54,246 messagepacker get (line:66) - Assigned msg_id = 7527201946988207320 to GetHistoryRequest (106cd3610)
DEBUG 2025-07-15 07:07:54,247 mtprotosender _send_loop (line:469) - Encrypting 1 message(s) in 72 bytes for sending
DEBUG 2025-07-15 07:07:54,247 mtprotosender _send_loop (line:495) - Encrypted messages put in a queue to be sent
DEBUG 2025-07-15 07:07:54,247 mtprotosender _send_loop (line:460) - Waiting for messages to send...
DEBUG 2025-07-15 07:07:54,247 messagepacker get (line:66) - Assigned msg_id = 7527201946992151716 to MsgsAck (106d07350)
DEBUG 2025-07-15 07:07:54,248 mtprotosender _send_loop (line:469) - Encrypting 1 message(s) in 36 bytes for sending
DEBUG 2025-07-15 07:07:54,248 mtprotosender _send_loop (line:495) - Encrypted messages put in a queue to be sent
DEBUG 2025-07-15 07:07:54,249 mtprotosender _send_loop (line:460) - Waiting for messages to send...
DEBUG 2025-07-15 07:07:54,841 mtprotosender _handle_rpc_result (line:607) - Handling RPC result for message 7527201946988207320
DEBUG 2025-07-15 07:07:54,852 mtprotosender _recv_loop (line:505) - Receiving items from the network...
DEBUG 2025-07-15 07:07:54,854 messagepacker get (line:66) - Assigned msg_id = 7527201949418415528 to GetFullChannelRequest (106cd39d0)
DEBUG 2025-07-15 07:07:54,854 mtprotosender _send_loop (line:469) - Encrypting 1 message(s) in 40 bytes for sending
DEBUG 2025-07-15 07:07:54,854 mtprotosender _send_loop (line:495) - Encrypted messages put in a queue to be sent
DEBUG 2025-07-15 07:07:54,854 mtprotosender _send_loop (line:460) - Waiting for messages to send...
DEBUG 2025-07-15 07:07:54,854 messagepacker get (line:66) - Assigned msg_id = 7527201949420634728 to MsgsAck (106c3b750)
DEBUG 2025-07-15 07:07:54,855 mtprotosender _send_loop (line:469) - Encrypting 1 message(s) in 36 bytes for sending
DEBUG 2025-07-15 07:07:54,855 mtprotosender _send_loop (line:495) - Encrypted messages put in a queue to be sent
DEBUG 2025-07-15 07:07:54,855 mtprotosender _send_loop (line:460) - Waiting for messages to send...
DEBUG 2025-07-15 07:07:55,277 mtprotosender _handle_rpc_result (line:607) - Handling RPC result for message 7527201949418415528
DEBUG 2025-07-15 07:07:55,278 mtprotosender _recv_loop (line:505) - Receiving items from the network...
DEBUG 2025-07-15 07:07:55,278 messagepacker get (line:66) - Assigned msg_id = 7527201951409974200 to GetMessagesRequest (106cd3610)
DEBUG 2025-07-15 07:07:55,278 mtprotosender _send_loop (line:469) - Encrypting 1 message(s) in 56 bytes for sending
DEBUG 2025-07-15 07:07:55,278 mtprotosender _send_loop (line:495) - Encrypted messages put in a queue to be sent
DEBUG 2025-07-15 07:07:55,279 mtprotosender _send_loop (line:460) - Waiting for messages to send...
DEBUG 2025-07-15 07:07:55,279 messagepacker get (line:66) - Assigned msg_id = 7527201951412474732 to MsgsAck (106c38050)
DEBUG 2025-07-15 07:07:55,279 mtprotosender _send_loop (line:469) - Encrypting 1 message(s) in 36 bytes for sending
DEBUG 2025-07-15 07:07:55,279 mtprotosender _send_loop (line:495) - Encrypted messages put in a queue to be sent
DEBUG 2025-07-15 07:07:55,279 mtprotosender _send_loop (line:460) - Waiting for messages to send...
DEBUG 2025-07-15 07:07:55,620 mtprotosender _handle_rpc_result (line:607) - Handling RPC result for message 7527201951409974200
DEBUG 2025-07-15 07:07:55,621 mtprotosender _recv_loop (line:505) - Receiving items from the network...
INFO 2025-07-15 07:07:55,624 mtprotosender _disconnect (line:319) - Disconnecting from 149.154.167.51:443/TcpFull...
DEBUG 2025-07-15 07:07:55,624 mtprotosender _disconnect (line:322) - Closing current connection...
DEBUG 2025-07-15 07:07:55,625 mtprotosender _disconnect (line:325) - Cancelling 0 pending message(s)...
INFO 2025-07-15 07:07:55,626 mtprotosender _disconnect (line:339) - Disconnection from 149.154.167.51:443/TcpFull complete!
INFO 2025-07-15 07:07:55,672 basehttp log_message (line:213) - "POST /parser/ HTTP/1.1" 302 0
INFO 2025-07-15 07:07:55,699 basehttp log_message (line:213) - "GET /parser/list HTTP/1.1" 200 8710
INFO 2025-07-15 07:07:59,067 basehttp log_message (line:213) - "GET /parser/1/ HTTP/1.1" 200 12366
INFO 2025-07-15 07:08:27,512 basehttp log_message (line:213) - "GET /parser/1/ HTTP/1.1" 200 12931
INFO 2025-07-15 07:08:30,271 basehttp log_message (line:213) - "GET /parser/1/ HTTP/1.1" 200 12931
INFO 2025-07-15 07:08:31,123 basehttp log_message (line:213) - "GET /parser/1/ HTTP/1.1" 200 12931
INFO 2025-07-15 07:08:34,612 basehttp log_message (line:213) - "GET /parser/list HTTP/1.1" 200 8079
INFO 2025-07-15 07:08:36,368 basehttp log_message (line:213) - "GET /parser/1/ HTTP/1.1" 200 12931
INFO 2025-07-15 07:08:44,777 basehttp log_message (line:213) - "GET /parser/list HTTP/1.1" 200 8079
INFO 2025-07-15 07:08:46,049 basehttp log_message (line:213) - "GET /parser/3/ HTTP/1.1" 200 34622
INFO 2025-07-15 07:08:49,031 basehttp log_message (line:213) - "GET /parser/list HTTP/1.1" 200 8079
INFO 2025-07-15 07:08:53,676 basehttp log_message (line:213) - "GET /parser/ HTTP/1.1" 200 5233
DEBUG 2025-07-15 07:08:55,602 selector_events __init__ (line:64) - Using selector: KqueueSelector
INFO 2025-07-15 07:08:55,607 mtprotosender _connect (line:228) - Connecting to 149.154.167.51:443/TcpFull...
DEBUG 2025-07-15 07:08:55,607 mtprotosender _try_connect (line:283) - Connection attempt 1...
DEBUG 2025-07-15 07:08:55,609 mtprotosender _try_connect (line:285) - Connection success!
DEBUG 2025-07-15 07:08:55,609 mtprotosender _connect (line:267) - Starting send loop
DEBUG 2025-07-15 07:08:55,609 mtprotosender _connect (line:270) - Starting receive loop
INFO 2025-07-15 07:08:55,609 mtprotosender _connect (line:279) - Connection to 149.154.167.51:443/TcpFull complete!
DEBUG 2025-07-15 07:08:55,609 mtprotosender _send_loop (line:460) - Waiting for messages to send...
DEBUG 2025-07-15 07:08:55,610 messagepacker get (line:66) - Assigned msg_id = 7527202210433848140 to InvokeWithLayerRequest (106cd0190)
DEBUG 2025-07-15 07:08:55,610 mtprotosender _send_loop (line:469) - Encrypting 1 message(s) in 76 bytes for sending
DEBUG 2025-07-15 07:08:55,611 mtprotosender _send_loop (line:495) - Encrypted messages put in a queue to be sent
DEBUG 2025-07-15 07:08:55,611 mtprotosender _send_loop (line:460) - Waiting for messages to send...
DEBUG 2025-07-15 07:08:55,611 mtprotosender _recv_loop (line:505) - Receiving items from the network...
DEBUG 2025-07-15 07:08:55,980 mtprotostate update_time_offset (line:268) - Updated time offset (old offset 0, bad 7527202211915471792, good 7527202212570055681, new 1)
DEBUG 2025-07-15 07:08:55,981 mtprotosender _handle_bad_server_salt (line:750) - Handling bad salt for message 7527202210433848140
DEBUG 2025-07-15 07:08:55,981 mtprotosender _handle_bad_server_salt (line:755) - 1 message(s) will be resent
DEBUG 2025-07-15 07:08:55,981 mtprotosender _recv_loop (line:505) - Receiving items from the network...
DEBUG 2025-07-15 07:08:55,981 messagepacker get (line:66) - Assigned msg_id = 7527202216215587976 to InvokeWithLayerRequest (106cd0190)
DEBUG 2025-07-15 07:08:55,981 mtprotosender _send_loop (line:469) - Encrypting 1 message(s) in 76 bytes for sending
DEBUG 2025-07-15 07:08:55,982 mtprotosender _send_loop (line:495) - Encrypted messages put in a queue to be sent
DEBUG 2025-07-15 07:08:55,982 mtprotosender _send_loop (line:460) - Waiting for messages to send...
DEBUG 2025-07-15 07:08:55,982 messagepacker get (line:66) - Assigned msg_id = 7527202216220031144 to MsgsAck (106cbad50)
DEBUG 2025-07-15 07:08:55,982 mtprotosender _send_loop (line:469) - Encrypting 1 message(s) in 36 bytes for sending
DEBUG 2025-07-15 07:08:55,983 mtprotosender _send_loop (line:495) - Encrypted messages put in a queue to be sent
DEBUG 2025-07-15 07:08:55,983 mtprotosender _send_loop (line:460) - Waiting for messages to send...
DEBUG 2025-07-15 07:08:56,173 mtprotosender _handle_container (line:657) - Handling container
DEBUG 2025-07-15 07:08:56,173 mtprotosender _handle_new_session_created (line:825) - Handling new session created
DEBUG 2025-07-15 07:08:56,173 mtprotosender _handle_ack (line:844) - Handling acknowledge for [7527202216215587976]
DEBUG 2025-07-15 07:08:56,174 mtprotosender _recv_loop (line:505) - Receiving items from the network...
DEBUG 2025-07-15 07:08:56,278 mtprotosender _handle_rpc_result (line:607) - Handling RPC result for message 7527202216215587976
DEBUG 2025-07-15 07:08:56,280 mtprotosender _recv_loop (line:505) - Receiving items from the network...
DEBUG 2025-07-15 07:08:56,282 messagepacker get (line:66) - Assigned msg_id = 7527202217711667064 to GetUsersRequest (106cd0190)
DEBUG 2025-07-15 07:08:56,282 mtprotosender _send_loop (line:469) - Encrypting 1 message(s) in 32 bytes for sending
DEBUG 2025-07-15 07:08:56,282 mtprotosender _send_loop (line:495) - Encrypted messages put in a queue to be sent
DEBUG 2025-07-15 07:08:56,282 mtprotosender _send_loop (line:460) - Waiting for messages to send...
DEBUG 2025-07-15 07:08:56,282 messagepacker get (line:66) - Assigned msg_id = 7527202217713582996 to MsgsAck (106d5e600)
DEBUG 2025-07-15 07:08:56,282 mtprotosender _send_loop (line:469) - Encrypting 1 message(s) in 60 bytes for sending
DEBUG 2025-07-15 07:08:56,283 mtprotosender _send_loop (line:495) - Encrypted messages put in a queue to be sent
DEBUG 2025-07-15 07:08:56,283 mtprotosender _send_loop (line:460) - Waiting for messages to send...
DEBUG 2025-07-15 07:08:56,780 mtprotosender _handle_rpc_result (line:607) - Handling RPC result for message 7527202217711667064
DEBUG 2025-07-15 07:08:56,781 mtprotosender _recv_loop (line:505) - Receiving items from the network...
DEBUG 2025-07-15 07:08:56,782 messagepacker get (line:66) - Assigned msg_id = 7527202219713898660 to GetStateRequest (106cd0190)
DEBUG 2025-07-15 07:08:56,782 mtprotosender _send_loop (line:469) - Encrypting 1 message(s) in 20 bytes for sending
DEBUG 2025-07-15 07:08:56,783 mtprotosender _send_loop (line:495) - Encrypted messages put in a queue to be sent
DEBUG 2025-07-15 07:08:56,783 mtprotosender _send_loop (line:460) - Waiting for messages to send...
DEBUG 2025-07-15 07:08:56,783 messagepacker get (line:66) - Assigned msg_id = 7527202219717126848 to MsgsAck (106cdcfd0)
DEBUG 2025-07-15 07:08:56,783 mtprotosender _send_loop (line:469) - Encrypting 1 message(s) in 36 bytes for sending
DEBUG 2025-07-15 07:08:56,784 mtprotosender _send_loop (line:495) - Encrypted messages put in a queue to be sent
DEBUG 2025-07-15 07:08:56,784 mtprotosender _send_loop (line:460) - Waiting for messages to send...
DEBUG 2025-07-15 07:08:57,049 mtprotosender _handle_rpc_result (line:607) - Handling RPC result for message 7527202219713898660
DEBUG 2025-07-15 07:08:57,049 mtprotosender _recv_loop (line:505) - Receiving items from the network...
DEBUG 2025-07-15 07:08:57,050 messagepacker get (line:66) - Assigned msg_id = 7527202221080089216 to GetDifferenceRequest (106cd0190)
DEBUG 2025-07-15 07:08:57,050 mtprotosender _send_loop (line:469) - Encrypting 1 message(s) in 36 bytes for sending
DEBUG 2025-07-15 07:08:57,050 mtprotosender _send_loop (line:495) - Encrypted messages put in a queue to be sent
DEBUG 2025-07-15 07:08:57,051 mtprotosender _send_loop (line:460) - Waiting for messages to send...
DEBUG 2025-07-15 07:08:57,051 messagepacker get (line:66) - Assigned msg_id = 7527202221083994512 to MsgsAck (106bebc50)
DEBUG 2025-07-15 07:08:57,051 mtprotosender _send_loop (line:469) - Encrypting 1 message(s) in 36 bytes for sending
DEBUG 2025-07-15 07:08:57,052 mtprotosender _send_loop (line:495) - Encrypted messages put in a queue to be sent
DEBUG 2025-07-15 07:08:57,052 mtprotosender _send_loop (line:460) - Waiting for messages to send...
DEBUG 2025-07-15 07:08:57,301 mtprotosender _handle_rpc_result (line:607) - Handling RPC result for message 7527202221080089216
DEBUG 2025-07-15 07:08:57,301 mtprotosender _recv_loop (line:505) - Receiving items from the network...
DEBUG 2025-07-15 07:08:58,307 messagepacker get (line:66) - Assigned msg_id = 7527202226402857072 to ResolveUsernameRequest (106cd2d50)
DEBUG 2025-07-15 07:08:58,307 mtprotosender _send_loop (line:469) - Encrypting 1 message(s) in 40 bytes for sending
DEBUG 2025-07-15 07:08:58,308 mtprotosender _send_loop (line:495) - Encrypted messages put in a queue to be sent
DEBUG 2025-07-15 07:08:58,308 mtprotosender _send_loop (line:460) - Waiting for messages to send...
DEBUG 2025-07-15 07:08:58,308 messagepacker get (line:66) - Assigned msg_id = 7527202226407665500 to MsgsAck (106d87540)
DEBUG 2025-07-15 07:08:58,308 mtprotosender _send_loop (line:469) - Encrypting 1 message(s) in 36 bytes for sending
DEBUG 2025-07-15 07:08:58,309 mtprotosender _send_loop (line:495) - Encrypted messages put in a queue to be sent
DEBUG 2025-07-15 07:08:58,309 mtprotosender _send_loop (line:460) - Waiting for messages to send...
DEBUG 2025-07-15 07:08:58,554 mtprotosender _handle_update (line:683) - Handling update Updates
DEBUG 2025-07-15 07:08:58,555 mtprotosender _recv_loop (line:505) - Receiving items from the network...
DEBUG 2025-07-15 07:08:58,557 mtprotosender _handle_update (line:683) - Handling update Updates
DEBUG 2025-07-15 07:08:58,558 mtprotosender _recv_loop (line:505) - Receiving items from the network...
DEBUG 2025-07-15 07:08:58,558 mtprotosender _handle_ack (line:844) - Handling acknowledge for [7527202226402857072]
DEBUG 2025-07-15 07:08:58,558 mtprotosender _recv_loop (line:505) - Receiving items from the network...
DEBUG 2025-07-15 07:08:58,559 mtprotosender _handle_rpc_result (line:607) - Handling RPC result for message 7527202226402857072
DEBUG 2025-07-15 07:08:58,559 mtprotosender _recv_loop (line:505) - Receiving items from the network...
DEBUG 2025-07-15 07:08:58,560 messagepacker get (line:66) - Assigned msg_id = 7527202227414228684 to GetHistoryRequest (106cd2c10)
DEBUG 2025-07-15 07:08:58,560 mtprotosender _send_loop (line:469) - Encrypting 1 message(s) in 72 bytes for sending
DEBUG 2025-07-15 07:08:58,560 mtprotosender _send_loop (line:495) - Encrypted messages put in a queue to be sent
DEBUG 2025-07-15 07:08:58,560 mtprotosender _send_loop (line:460) - Waiting for messages to send...
DEBUG 2025-07-15 07:08:58,561 messagepacker get (line:66) - Assigned msg_id = 7527202227417728668 to MsgsAck (106c14470)
DEBUG 2025-07-15 07:08:58,561 mtprotosender _send_loop (line:469) - Encrypting 1 message(s) in 60 bytes for sending
DEBUG 2025-07-15 07:08:58,561 mtprotosender _send_loop (line:495) - Encrypted messages put in a queue to be sent
DEBUG 2025-07-15 07:08:58,561 mtprotosender _send_loop (line:460) - Waiting for messages to send...
DEBUG 2025-07-15 07:08:58,922 mtprotosender _handle_rpc_result (line:607) - Handling RPC result for message 7527202227414228684
DEBUG 2025-07-15 07:08:58,930 mtprotosender _recv_loop (line:505) - Receiving items from the network...
DEBUG 2025-07-15 07:08:58,932 messagepacker get (line:66) - Assigned msg_id = 7527202228901513344 to GetFullChannelRequest (106cd2d50)
DEBUG 2025-07-15 07:08:58,932 mtprotosender _send_loop (line:469) - Encrypting 1 message(s) in 40 bytes for sending
DEBUG 2025-07-15 07:08:58,932 mtprotosender _send_loop (line:495) - Encrypted messages put in a queue to be sent
DEBUG 2025-07-15 07:08:58,932 mtprotosender _send_loop (line:460) - Waiting for messages to send...
DEBUG 2025-07-15 07:08:58,932 messagepacker get (line:66) - Assigned msg_id = 7527202228903749712 to MsgsAck (106dae3f0)
DEBUG 2025-07-15 07:08:58,932 mtprotosender _send_loop (line:469) - Encrypting 1 message(s) in 36 bytes for sending
DEBUG 2025-07-15 07:08:58,932 mtprotosender _send_loop (line:495) - Encrypted messages put in a queue to be sent
DEBUG 2025-07-15 07:08:58,933 mtprotosender _send_loop (line:460) - Waiting for messages to send...
DEBUG 2025-07-15 07:08:59,191 mtprotosender _handle_rpc_result (line:607) - Handling RPC result for message 7527202228901513344
DEBUG 2025-07-15 07:08:59,193 mtprotosender _recv_loop (line:505) - Receiving items from the network...
DEBUG 2025-07-15 07:08:59,193 messagepacker get (line:66) - Assigned msg_id = 7527202230243304144 to GetMessagesRequest (106db1d10)
DEBUG 2025-07-15 07:08:59,193 mtprotosender _send_loop (line:469) - Encrypting 1 message(s) in 56 bytes for sending
DEBUG 2025-07-15 07:08:59,194 mtprotosender _send_loop (line:495) - Encrypted messages put in a queue to be sent
DEBUG 2025-07-15 07:08:59,194 mtprotosender _send_loop (line:460) - Waiting for messages to send...
DEBUG 2025-07-15 07:08:59,194 messagepacker get (line:66) - Assigned msg_id = 7527202230246292004 to MsgsAck (106def390)
DEBUG 2025-07-15 07:08:59,194 mtprotosender _send_loop (line:469) - Encrypting 1 message(s) in 36 bytes for sending
DEBUG 2025-07-15 07:08:59,195 mtprotosender _send_loop (line:495) - Encrypted messages put in a queue to be sent
DEBUG 2025-07-15 07:08:59,195 mtprotosender _send_loop (line:460) - Waiting for messages to send...
DEBUG 2025-07-15 07:08:59,527 mtprotosender _handle_rpc_result (line:607) - Handling RPC result for message 7527202230243304144
DEBUG 2025-07-15 07:08:59,529 mtprotosender _recv_loop (line:505) - Receiving items from the network...
INFO 2025-07-15 07:08:59,531 mtprotosender _disconnect (line:319) - Disconnecting from 149.154.167.51:443/TcpFull...
DEBUG 2025-07-15 07:08:59,532 mtprotosender _disconnect (line:322) - Closing current connection...
DEBUG 2025-07-15 07:08:59,532 mtprotosender _disconnect (line:325) - Cancelling 0 pending message(s)...
INFO 2025-07-15 07:08:59,533 mtprotosender _disconnect (line:339) - Disconnection from 149.154.167.51:443/TcpFull complete!
INFO 2025-07-15 07:08:59,572 basehttp log_message (line:213) - "POST /parser/ HTTP/1.1" 302 0
INFO 2025-07-15 07:08:59,601 basehttp log_message (line:213) - "GET /parser/list HTTP/1.1" 200 8710
INFO 2025-07-15 07:09:02,002 basehttp log_message (line:213) - "GET /parser/1/ HTTP/1.1" 200 12931
INFO 2025-07-15 07:13:40,204 autoreload trigger_reload (line:265) - /Users/macbook/PycharmProjects/tg_parser_example/parserexample/parser/parser.py changed, reloading.
INFO 2025-07-15 07:13:40,753 autoreload run_with_reloader (line:667) - Watching for file changes with StatReloader
INFO 2025-07-15 07:13:40,773 aes <module> (line:23) - libssl detected, it will be used for encryption
INFO 2025-07-15 07:14:34,736 autoreload trigger_reload (line:265) - /Users/macbook/PycharmProjects/tg_parser_example/parserexample/parser/parser.py changed, reloading.
INFO 2025-07-15 07:14:35,281 autoreload run_with_reloader (line:667) - Watching for file changes with StatReloader
INFO 2025-07-15 07:14:35,300 aes <module> (line:23) - libssl detected, it will be used for encryption
INFO 2025-07-15 07:14:41,004 basehttp log_message (line:213) - "GET /parser/ HTTP/1.1" 200 5233
DEBUG 2025-07-15 07:14:43,442 selector_events __init__ (line:64) - Using selector: KqueueSelector
INFO 2025-07-15 07:14:43,448 mtprotosender _connect (line:228) - Connecting to 149.154.167.51:443/TcpFull...
DEBUG 2025-07-15 07:14:43,448 mtprotosender _try_connect (line:283) - Connection attempt 1...
DEBUG 2025-07-15 07:14:43,449 mtprotosender _try_connect (line:285) - Connection success!
DEBUG 2025-07-15 07:14:43,449 mtprotosender _connect (line:267) - Starting send loop
DEBUG 2025-07-15 07:14:43,449 mtprotosender _connect (line:270) - Starting receive loop
INFO 2025-07-15 07:14:43,449 mtprotosender _connect (line:279) - Connection to 149.154.167.51:443/TcpFull complete!
DEBUG 2025-07-15 07:14:43,449 mtprotosender _send_loop (line:460) - Waiting for messages to send...
DEBUG 2025-07-15 07:14:43,449 messagepacker get (line:66) - Assigned msg_id = 7527203704441968032 to InvokeWithLayerRequest (1065ddbe0)
DEBUG 2025-07-15 07:14:43,449 mtprotosender _send_loop (line:469) - Encrypting 1 message(s) in 76 bytes for sending
DEBUG 2025-07-15 07:14:43,454 mtprotosender _send_loop (line:495) - Encrypted messages put in a queue to be sent
DEBUG 2025-07-15 07:14:43,454 mtprotosender _send_loop (line:460) - Waiting for messages to send...
DEBUG 2025-07-15 07:14:43,454 mtprotosender _recv_loop (line:505) - Receiving items from the network...
DEBUG 2025-07-15 07:14:43,850 mtprotosender _handle_bad_server_salt (line:750) - Handling bad salt for message 7527203704441968032
DEBUG 2025-07-15 07:14:43,851 mtprotosender _handle_bad_server_salt (line:755) - 1 message(s) will be resent
DEBUG 2025-07-15 07:14:43,851 mtprotosender _recv_loop (line:505) - Receiving items from the network...
DEBUG 2025-07-15 07:14:43,851 messagepacker get (line:66) - Assigned msg_id = 7527203706050015520 to InvokeWithLayerRequest (1065ddbe0)
DEBUG 2025-07-15 07:14:43,852 mtprotosender _send_loop (line:469) - Encrypting 1 message(s) in 76 bytes for sending
DEBUG 2025-07-15 07:14:43,852 mtprotosender _send_loop (line:495) - Encrypted messages put in a queue to be sent
DEBUG 2025-07-15 07:14:43,853 mtprotosender _send_loop (line:460) - Waiting for messages to send...
DEBUG 2025-07-15 07:14:43,853 messagepacker get (line:66) - Assigned msg_id = 7527203706055807184 to MsgsAck (1065ddfd0)
DEBUG 2025-07-15 07:14:43,853 mtprotosender _send_loop (line:469) - Encrypting 1 message(s) in 36 bytes for sending
DEBUG 2025-07-15 07:14:43,854 mtprotosender _send_loop (line:495) - Encrypted messages put in a queue to be sent
DEBUG 2025-07-15 07:14:43,854 mtprotosender _send_loop (line:460) - Waiting for messages to send...
DEBUG 2025-07-15 07:14:44,054 mtprotosender _handle_container (line:657) - Handling container
DEBUG 2025-07-15 07:14:44,054 mtprotosender _handle_new_session_created (line:825) - Handling new session created
DEBUG 2025-07-15 07:14:44,055 mtprotosender _handle_ack (line:844) - Handling acknowledge for [7527203706050015520]
DEBUG 2025-07-15 07:14:44,055 mtprotosender _recv_loop (line:505) - Receiving items from the network...
DEBUG 2025-07-15 07:14:44,152 mtprotosender _handle_rpc_result (line:607) - Handling RPC result for message 7527203706050015520
DEBUG 2025-07-15 07:14:44,153 mtprotosender _recv_loop (line:505) - Receiving items from the network...
DEBUG 2025-07-15 07:14:44,154 messagepacker get (line:66) - Assigned msg_id = 7527203707555506420 to GetUsersRequest (1065de3c0)
DEBUG 2025-07-15 07:14:44,154 mtprotosender _send_loop (line:469) - Encrypting 1 message(s) in 32 bytes for sending
DEBUG 2025-07-15 07:14:44,155 mtprotosender _send_loop (line:495) - Encrypted messages put in a queue to be sent
DEBUG 2025-07-15 07:14:44,155 mtprotosender _send_loop (line:460) - Waiting for messages to send...
DEBUG 2025-07-15 07:14:44,155 messagepacker get (line:66) - Assigned msg_id = 7527203707558662128 to MsgsAck (10668b890)
DEBUG 2025-07-15 07:14:44,155 mtprotosender _send_loop (line:469) - Encrypting 1 message(s) in 60 bytes for sending
DEBUG 2025-07-15 07:14:44,155 mtprotosender _send_loop (line:495) - Encrypted messages put in a queue to be sent
DEBUG 2025-07-15 07:14:44,156 mtprotosender _send_loop (line:460) - Waiting for messages to send...
DEBUG 2025-07-15 07:14:44,433 mtprotosender _handle_rpc_result (line:607) - Handling RPC result for message 7527203707555506420
DEBUG 2025-07-15 07:14:44,434 mtprotosender _recv_loop (line:505) - Receiving items from the network...
DEBUG 2025-07-15 07:14:44,435 messagepacker get (line:66) - Assigned msg_id = 7527203708677246760 to GetStateRequest (1065de3c0)
DEBUG 2025-07-15 07:14:44,435 mtprotosender _send_loop (line:469) - Encrypting 1 message(s) in 20 bytes for sending
DEBUG 2025-07-15 07:14:44,435 mtprotosender _send_loop (line:495) - Encrypted messages put in a queue to be sent
DEBUG 2025-07-15 07:14:44,435 mtprotosender _send_loop (line:460) - Waiting for messages to send...
DEBUG 2025-07-15 07:14:44,435 messagepacker get (line:66) - Assigned msg_id = 7527203708680457784 to MsgsAck (106373ce0)
DEBUG 2025-07-15 07:14:44,435 mtprotosender _send_loop (line:469) - Encrypting 1 message(s) in 36 bytes for sending
DEBUG 2025-07-15 07:14:44,436 mtprotosender _send_loop (line:495) - Encrypted messages put in a queue to be sent
DEBUG 2025-07-15 07:14:44,436 mtprotosender _send_loop (line:460) - Waiting for messages to send...
DEBUG 2025-07-15 07:14:44,697 mtprotosender _handle_rpc_result (line:607) - Handling RPC result for message 7527203708677246760
DEBUG 2025-07-15 07:14:44,697 mtprotosender _recv_loop (line:505) - Receiving items from the network...
DEBUG 2025-07-15 07:14:44,698 messagepacker get (line:66) - Assigned msg_id = 7527203709732890796 to GetDifferenceRequest (1065de3c0)
DEBUG 2025-07-15 07:14:44,699 mtprotosender _send_loop (line:469) - Encrypting 1 message(s) in 36 bytes for sending
DEBUG 2025-07-15 07:14:44,699 mtprotosender _send_loop (line:495) - Encrypted messages put in a queue to be sent
DEBUG 2025-07-15 07:14:44,699 mtprotosender _send_loop (line:460) - Waiting for messages to send...
DEBUG 2025-07-15 07:14:44,699 messagepacker get (line:66) - Assigned msg_id = 7527203709735942556 to MsgsAck (106754050)
DEBUG 2025-07-15 07:14:44,699 mtprotosender _send_loop (line:469) - Encrypting 1 message(s) in 36 bytes for sending
DEBUG 2025-07-15 07:14:44,700 mtprotosender _send_loop (line:495) - Encrypted messages put in a queue to be sent
DEBUG 2025-07-15 07:14:44,700 mtprotosender _send_loop (line:460) - Waiting for messages to send...
DEBUG 2025-07-15 07:14:45,005 mtprotosender _handle_rpc_result (line:607) - Handling RPC result for message 7527203709732890796
DEBUG 2025-07-15 07:14:45,005 mtprotosender _recv_loop (line:505) - Receiving items from the network...
DEBUG 2025-07-15 07:14:46,012 messagepacker get (line:66) - Assigned msg_id = 7527203715578037220 to ResolveUsernameRequest (1065de120)
DEBUG 2025-07-15 07:14:46,013 mtprotosender _send_loop (line:469) - Encrypting 1 message(s) in 40 bytes for sending
DEBUG 2025-07-15 07:14:46,013 mtprotosender _send_loop (line:495) - Encrypted messages put in a queue to be sent
DEBUG 2025-07-15 07:14:46,014 mtprotosender _send_loop (line:460) - Waiting for messages to send...
DEBUG 2025-07-15 07:14:46,014 messagepacker get (line:66) - Assigned msg_id = 7527203715583937604 to MsgsAck (105cd0170)
DEBUG 2025-07-15 07:14:46,014 mtprotosender _send_loop (line:469) - Encrypting 1 message(s) in 36 bytes for sending
DEBUG 2025-07-15 07:14:46,015 mtprotosender _send_loop (line:495) - Encrypted messages put in a queue to be sent
DEBUG 2025-07-15 07:14:46,015 mtprotosender _send_loop (line:460) - Waiting for messages to send...
DEBUG 2025-07-15 07:14:46,232 mtprotosender _handle_rpc_result (line:607) - Handling RPC result for message 7527203715578037220
DEBUG 2025-07-15 07:14:46,233 mtprotosender _recv_loop (line:505) - Receiving items from the network...
DEBUG 2025-07-15 07:14:46,234 messagepacker get (line:66) - Assigned msg_id = 7527203716465385396 to GetHistoryRequest (1065de120)
DEBUG 2025-07-15 07:14:46,234 mtprotosender _send_loop (line:469) - Encrypting 1 message(s) in 72 bytes for sending
DEBUG 2025-07-15 07:14:46,235 mtprotosender _send_loop (line:495) - Encrypted messages put in a queue to be sent
DEBUG 2025-07-15 07:14:46,235 mtprotosender _send_loop (line:460) - Waiting for messages to send...
DEBUG 2025-07-15 07:14:46,235 messagepacker get (line:66) - Assigned msg_id = 7527203716469028432 to MsgsAck (106681590)
DEBUG 2025-07-15 07:14:46,235 mtprotosender _send_loop (line:469) - Encrypting 1 message(s) in 36 bytes for sending
DEBUG 2025-07-15 07:14:46,236 mtprotosender _send_loop (line:495) - Encrypted messages put in a queue to be sent
DEBUG 2025-07-15 07:14:46,236 mtprotosender _send_loop (line:460) - Waiting for messages to send...
DEBUG 2025-07-15 07:14:46,742 mtprotosender _handle_rpc_result (line:607) - Handling RPC result for message 7527203716465385396
DEBUG 2025-07-15 07:14:46,750 mtprotosender _recv_loop (line:505) - Receiving items from the network...
DEBUG 2025-07-15 07:14:46,752 messagepacker get (line:66) - Assigned msg_id = 7527203718535160976 to GetFullChannelRequest (1065dd160)
DEBUG 2025-07-15 07:14:46,752 mtprotosender _send_loop (line:469) - Encrypting 1 message(s) in 40 bytes for sending
DEBUG 2025-07-15 07:14:46,752 mtprotosender _send_loop (line:495) - Encrypted messages put in a queue to be sent
DEBUG 2025-07-15 07:14:46,752 mtprotosender _send_loop (line:460) - Waiting for messages to send...
DEBUG 2025-07-15 07:14:46,752 messagepacker get (line:66) - Assigned msg_id = 7527203718539056736 to MsgsAck (1066816a0)
DEBUG 2025-07-15 07:14:46,753 mtprotosender _send_loop (line:469) - Encrypting 1 message(s) in 36 bytes for sending
DEBUG 2025-07-15 07:14:46,753 mtprotosender _send_loop (line:495) - Encrypted messages put in a queue to be sent
DEBUG 2025-07-15 07:14:46,753 mtprotosender _send_loop (line:460) - Waiting for messages to send...
DEBUG 2025-07-15 07:14:47,060 mtprotosender _handle_rpc_result (line:607) - Handling RPC result for message 7527203718535160976
DEBUG 2025-07-15 07:14:47,062 mtprotosender _recv_loop (line:505) - Receiving items from the network...
DEBUG 2025-07-15 07:14:47,063 messagepacker get (line:66) - Assigned msg_id = 7527203720074608404 to GetMessagesRequest (1065de120)
DEBUG 2025-07-15 07:14:47,063 mtprotosender _send_loop (line:469) - Encrypting 1 message(s) in 56 bytes for sending
DEBUG 2025-07-15 07:14:47,063 mtprotosender _send_loop (line:495) - Encrypted messages put in a queue to be sent
DEBUG 2025-07-15 07:14:47,063 mtprotosender _send_loop (line:460) - Waiting for messages to send...
DEBUG 2025-07-15 07:14:47,063 messagepacker get (line:66) - Assigned msg_id = 7527203720077948172 to MsgsAck (10668fa50)
DEBUG 2025-07-15 07:14:47,064 mtprotosender _send_loop (line:469) - Encrypting 1 message(s) in 36 bytes for sending
DEBUG 2025-07-15 07:14:47,064 mtprotosender _send_loop (line:495) - Encrypted messages put in a queue to be sent
DEBUG 2025-07-15 07:14:47,064 mtprotosender _send_loop (line:460) - Waiting for messages to send...
DEBUG 2025-07-15 07:14:47,313 mtprotosender _handle_rpc_result (line:607) - Handling RPC result for message 7527203720074608404
DEBUG 2025-07-15 07:14:47,315 mtprotosender _recv_loop (line:505) - Receiving items from the network...
INFO 2025-07-15 07:14:47,317 mtprotosender _disconnect (line:319) - Disconnecting from 149.154.167.51:443/TcpFull...
DEBUG 2025-07-15 07:14:47,317 mtprotosender _disconnect (line:322) - Closing current connection...
DEBUG 2025-07-15 07:14:47,319 mtprotosender _disconnect (line:325) - Cancelling 0 pending message(s)...
INFO 2025-07-15 07:14:47,320 mtprotosender _disconnect (line:339) - Disconnection from 149.154.167.51:443/TcpFull complete!
INFO 2025-07-15 07:14:47,880 basehttp log_message (line:213) - "POST /parser/ HTTP/1.1" 302 0
INFO 2025-07-15 07:14:47,903 basehttp log_message (line:213) - "GET /parser/list HTTP/1.1" 200 8710
INFO 2025-07-15 07:14:50,395 basehttp log_message (line:213) - "GET /parser/1/ HTTP/1.1" 200 13365
INFO 2025-07-15 07:14:52,757 basehttp log_message (line:213) - "GET /parser/ HTTP/1.1" 200 5233
INFO 2025-07-15 07:14:54,189 basehttp log_message (line:213) - "GET /parser/list HTTP/1.1" 200 8079
INFO 2025-07-15 07:14:57,135 basehttp log_message (line:213) - "GET /parser/3/ HTTP/1.1" 200 34622
INFO 2025-07-15 07:15:02,587 basehttp log_message (line:213) - "GET /parser/ HTTP/1.1" 200 5233
DEBUG 2025-07-15 07:15:05,559 selector_events __init__ (line:64) - Using selector: KqueueSelector
INFO 2025-07-15 07:15:05,571 mtprotosender _connect (line:228) - Connecting to 149.154.167.51:443/TcpFull...
DEBUG 2025-07-15 07:15:05,571 mtprotosender _try_connect (line:283) - Connection attempt 1...
DEBUG 2025-07-15 07:15:05,574 mtprotosender _try_connect (line:285) - Connection success!
DEBUG 2025-07-15 07:15:05,574 mtprotosender _connect (line:267) - Starting send loop
DEBUG 2025-07-15 07:15:05,574 mtprotosender _connect (line:270) - Starting receive loop
INFO 2025-07-15 07:15:05,574 mtprotosender _connect (line:279) - Connection to 149.154.167.51:443/TcpFull complete!
DEBUG 2025-07-15 07:15:05,575 mtprotosender _send_loop (line:460) - Waiting for messages to send...
DEBUG 2025-07-15 07:15:05,575 messagepacker get (line:66) - Assigned msg_id = 7527203799433331372 to InvokeWithLayerRequest (1067716d0)
DEBUG 2025-07-15 07:15:05,575 mtprotosender _send_loop (line:469) - Encrypting 1 message(s) in 76 bytes for sending
DEBUG 2025-07-15 07:15:05,578 mtprotosender _send_loop (line:495) - Encrypted messages put in a queue to be sent
DEBUG 2025-07-15 07:15:05,578 mtprotosender _send_loop (line:460) - Waiting for messages to send...
DEBUG 2025-07-15 07:15:05,578 mtprotosender _recv_loop (line:505) - Receiving items from the network...
DEBUG 2025-07-15 07:15:06,017 mtprotosender _handle_bad_server_salt (line:750) - Handling bad salt for message 7527203799433331372
DEBUG 2025-07-15 07:15:06,017 mtprotosender _handle_bad_server_salt (line:755) - 1 message(s) will be resent
DEBUG 2025-07-15 07:15:06,017 mtprotosender _recv_loop (line:505) - Receiving items from the network...
DEBUG 2025-07-15 07:15:06,019 messagepacker get (line:66) - Assigned msg_id = 7527203801502750876 to InvokeWithLayerRequest (1067716d0)
DEBUG 2025-07-15 07:15:06,019 mtprotosender _send_loop (line:469) - Encrypting 1 message(s) in 76 bytes for sending
DEBUG 2025-07-15 07:15:06,019 mtprotosender _send_loop (line:495) - Encrypted messages put in a queue to be sent
DEBUG 2025-07-15 07:15:06,019 mtprotosender _send_loop (line:460) - Waiting for messages to send...
DEBUG 2025-07-15 07:15:06,020 messagepacker get (line:66) - Assigned msg_id = 7527203801506966116 to MsgsAck (10668e850)
DEBUG 2025-07-15 07:15:06,020 mtprotosender _send_loop (line:469) - Encrypting 1 message(s) in 36 bytes for sending
DEBUG 2025-07-15 07:15:06,021 mtprotosender _send_loop (line:495) - Encrypted messages put in a queue to be sent
DEBUG 2025-07-15 07:15:06,021 mtprotosender _send_loop (line:460) - Waiting for messages to send...
DEBUG 2025-07-15 07:15:06,213 mtprotosender _handle_container (line:657) - Handling container
DEBUG 2025-07-15 07:15:06,213 mtprotosender _handle_new_session_created (line:825) - Handling new session created
DEBUG 2025-07-15 07:15:06,213 mtprotosender _handle_ack (line:844) - Handling acknowledge for [7527203801502750876]
DEBUG 2025-07-15 07:15:06,213 mtprotosender _recv_loop (line:505) - Receiving items from the network...
DEBUG 2025-07-15 07:15:06,271 mtprotosender _handle_rpc_result (line:607) - Handling RPC result for message 7527203801502750876
DEBUG 2025-07-15 07:15:06,277 mtprotosender _recv_loop (line:505) - Receiving items from the network...
DEBUG 2025-07-15 07:15:06,278 messagepacker get (line:66) - Assigned msg_id = 7527203802540534500 to GetUsersRequest (106771810)
DEBUG 2025-07-15 07:15:06,278 mtprotosender _send_loop (line:469) - Encrypting 1 message(s) in 32 bytes for sending
DEBUG 2025-07-15 07:15:06,278 mtprotosender _send_loop (line:495) - Encrypted messages put in a queue to be sent
DEBUG 2025-07-15 07:15:06,278 mtprotosender _send_loop (line:460) - Waiting for messages to send...
DEBUG 2025-07-15 07:15:06,278 messagepacker get (line:66) - Assigned msg_id = 7527203802541726592 to MsgsAck (10665e030)
DEBUG 2025-07-15 07:15:06,278 mtprotosender _send_loop (line:469) - Encrypting 1 message(s) in 60 bytes for sending
DEBUG 2025-07-15 07:15:06,279 mtprotosender _send_loop (line:495) - Encrypted messages put in a queue to be sent
DEBUG 2025-07-15 07:15:06,279 mtprotosender _send_loop (line:460) - Waiting for messages to send...
DEBUG 2025-07-15 07:15:06,497 mtprotosender _handle_rpc_result (line:607) - Handling RPC result for message 7527203802540534500
DEBUG 2025-07-15 07:15:06,499 mtprotosender _recv_loop (line:505) - Receiving items from the network...
DEBUG 2025-07-15 07:15:06,500 messagepacker get (line:66) - Assigned msg_id = 7527203803427146436 to GetStateRequest (106771810)
DEBUG 2025-07-15 07:15:06,500 mtprotosender _send_loop (line:469) - Encrypting 1 message(s) in 20 bytes for sending
DEBUG 2025-07-15 07:15:06,500 mtprotosender _send_loop (line:495) - Encrypted messages put in a queue to be sent
DEBUG 2025-07-15 07:15:06,501 mtprotosender _send_loop (line:460) - Waiting for messages to send...
DEBUG 2025-07-15 07:15:06,501 messagepacker get (line:66) - Assigned msg_id = 7527203803431362632 to MsgsAck (106760210)
DEBUG 2025-07-15 07:15:06,501 mtprotosender _send_loop (line:469) - Encrypting 1 message(s) in 36 bytes for sending
DEBUG 2025-07-15 07:15:06,501 mtprotosender _send_loop (line:495) - Encrypted messages put in a queue to be sent
DEBUG 2025-07-15 07:15:06,502 mtprotosender _send_loop (line:460) - Waiting for messages to send...
DEBUG 2025-07-15 07:15:06,689 mtprotosender _handle_rpc_result (line:607) - Handling RPC result for message 7527203803427146436
DEBUG 2025-07-15 07:15:06,690 mtprotosender _recv_loop (line:505) - Receiving items from the network...
DEBUG 2025-07-15 07:15:06,690 messagepacker get (line:66) - Assigned msg_id = 7527203804189986708 to GetDifferenceRequest (106771810)
DEBUG 2025-07-15 07:15:06,691 mtprotosender _send_loop (line:469) - Encrypting 1 message(s) in 36 bytes for sending
DEBUG 2025-07-15 07:15:06,691 mtprotosender _send_loop (line:495) - Encrypted messages put in a queue to be sent
DEBUG 2025-07-15 07:15:06,691 mtprotosender _send_loop (line:460) - Waiting for messages to send...
DEBUG 2025-07-15 07:15:06,692 messagepacker get (line:66) - Assigned msg_id = 7527203804194594864 to MsgsAck (1067603d0)
DEBUG 2025-07-15 07:15:06,692 mtprotosender _send_loop (line:469) - Encrypting 1 message(s) in 36 bytes for sending
DEBUG 2025-07-15 07:15:06,693 mtprotosender _send_loop (line:495) - Encrypted messages put in a queue to be sent
DEBUG 2025-07-15 07:15:06,693 mtprotosender _send_loop (line:460) - Waiting for messages to send...
DEBUG 2025-07-15 07:15:06,889 mtprotosender _handle_rpc_result (line:607) - Handling RPC result for message 7527203804189986708
DEBUG 2025-07-15 07:15:06,890 mtprotosender _recv_loop (line:505) - Receiving items from the network...
DEBUG 2025-07-15 07:15:07,892 messagepacker get (line:66) - Assigned msg_id = 7527203809292950756 to ResolveUsernameRequest (1067716d0)
DEBUG 2025-07-15 07:15:07,893 mtprotosender _send_loop (line:469) - Encrypting 1 message(s) in 36 bytes for sending
DEBUG 2025-07-15 07:15:07,893 mtprotosender _send_loop (line:495) - Encrypted messages put in a queue to be sent
DEBUG 2025-07-15 07:15:07,893 mtprotosender _send_loop (line:460) - Waiting for messages to send...
DEBUG 2025-07-15 07:15:07,894 messagepacker get (line:66) - Assigned msg_id = 7527203809297783024 to MsgsAck (10654fc70)
DEBUG 2025-07-15 07:15:07,894 mtprotosender _send_loop (line:469) - Encrypting 1 message(s) in 36 bytes for sending
DEBUG 2025-07-15 07:15:07,894 mtprotosender _send_loop (line:495) - Encrypted messages put in a queue to be sent
DEBUG 2025-07-15 07:15:07,894 mtprotosender _send_loop (line:460) - Waiting for messages to send...
DEBUG 2025-07-15 07:15:07,895 mtprotosender _handle_update (line:683) - Handling update UpdateShort
DEBUG 2025-07-15 07:15:07,895 mtprotosender _recv_loop (line:505) - Receiving items from the network...
DEBUG 2025-07-15 07:15:08,446 mtprotosender _handle_update (line:683) - Handling update Updates
DEBUG 2025-07-15 07:15:08,446 mtprotosender _recv_loop (line:505) - Receiving items from the network...
DEBUG 2025-07-15 07:15:08,450 mtprotosender _handle_update (line:683) - Handling update Updates
DEBUG 2025-07-15 07:15:08,450 mtprotosender _recv_loop (line:505) - Receiving items from the network...
DEBUG 2025-07-15 07:15:08,451 mtprotosender _handle_ack (line:844) - Handling acknowledge for [7527203809292950756]
DEBUG 2025-07-15 07:15:08,451 mtprotosender _recv_loop (line:505) - Receiving items from the network...
DEBUG 2025-07-15 07:15:08,451 mtprotosender _handle_rpc_result (line:607) - Handling RPC result for message 7527203809292950756
DEBUG 2025-07-15 07:15:08,451 mtprotosender _recv_loop (line:505) - Receiving items from the network...
DEBUG 2025-07-15 07:15:08,452 messagepacker get (line:66) - Assigned msg_id = 7527203811825473556 to GetHistoryRequest (106771f90)
DEBUG 2025-07-15 07:15:08,452 mtprotosender _send_loop (line:469) - Encrypting 1 message(s) in 72 bytes for sending
DEBUG 2025-07-15 07:15:08,452 mtprotosender _send_loop (line:495) - Encrypted messages put in a queue to be sent
DEBUG 2025-07-15 07:15:08,452 mtprotosender _send_loop (line:460) - Waiting for messages to send...
DEBUG 2025-07-15 07:15:08,452 messagepacker get (line:66) - Assigned msg_id = 7527203811826149708 to MsgsAck (1066b4dd0)
DEBUG 2025-07-15 07:15:08,452 mtprotosender _send_loop (line:469) - Encrypting 1 message(s) in 68 bytes for sending
DEBUG 2025-07-15 07:15:08,452 mtprotosender _send_loop (line:495) - Encrypted messages put in a queue to be sent
DEBUG 2025-07-15 07:15:08,452 mtprotosender _send_loop (line:460) - Waiting for messages to send...
DEBUG 2025-07-15 07:15:09,072 mtprotosender _handle_rpc_result (line:607) - Handling RPC result for message 7527203811825473556
DEBUG 2025-07-15 07:15:09,074 mtprotosender _recv_loop (line:505) - Receiving items from the network...
DEBUG 2025-07-15 07:15:09,077 messagepacker get (line:66) - Assigned msg_id = 7527203814622905144 to GetFullChannelRequest (1067716d0)
DEBUG 2025-07-15 07:15:09,077 mtprotosender _send_loop (line:469) - Encrypting 1 message(s) in 40 bytes for sending
DEBUG 2025-07-15 07:15:09,078 mtprotosender _send_loop (line:495) - Encrypted messages put in a queue to be sent
DEBUG 2025-07-15 07:15:09,078 mtprotosender _send_loop (line:460) - Waiting for messages to send...
DEBUG 2025-07-15 07:15:09,078 messagepacker get (line:66) - Assigned msg_id = 7527203814623948464 to MsgsAck (1066db1d0)
DEBUG 2025-07-15 07:15:09,078 mtprotosender _send_loop (line:469) - Encrypting 1 message(s) in 36 bytes for sending
DEBUG 2025-07-15 07:15:09,078 mtprotosender _send_loop (line:495) - Encrypted messages put in a queue to be sent
DEBUG 2025-07-15 07:15:09,078 mtprotosender _send_loop (line:460) - Waiting for messages to send...
DEBUG 2025-07-15 07:15:09,302 mtprotosender _handle_rpc_result (line:607) - Handling RPC result for message 7527203814622905144
DEBUG 2025-07-15 07:15:09,303 mtprotosender _recv_loop (line:505) - Receiving items from the network...
DEBUG 2025-07-15 07:15:09,303 messagepacker get (line:66) - Assigned msg_id = 7527203815526769052 to GetMessagesRequest (106771f90)
DEBUG 2025-07-15 07:15:09,304 mtprotosender _send_loop (line:469) - Encrypting 1 message(s) in 56 bytes for sending
DEBUG 2025-07-15 07:15:09,304 mtprotosender _send_loop (line:495) - Encrypted messages put in a queue to be sent
DEBUG 2025-07-15 07:15:09,304 mtprotosender _send_loop (line:460) - Waiting for messages to send...
DEBUG 2025-07-15 07:15:09,304 messagepacker get (line:66) - Assigned msg_id = 7527203815529549012 to MsgsAck (1065531d0)
DEBUG 2025-07-15 07:15:09,304 mtprotosender _send_loop (line:469) - Encrypting 1 message(s) in 36 bytes for sending
DEBUG 2025-07-15 07:15:09,305 mtprotosender _send_loop (line:495) - Encrypted messages put in a queue to be sent
DEBUG 2025-07-15 07:15:09,305 mtprotosender _send_loop (line:460) - Waiting for messages to send...
DEBUG 2025-07-15 07:15:09,531 mtprotosender _handle_rpc_result (line:607) - Handling RPC result for message 7527203815526769052
DEBUG 2025-07-15 07:15:09,532 mtprotosender _recv_loop (line:505) - Receiving items from the network...
INFO 2025-07-15 07:15:09,556 mtprotosender _disconnect (line:319) - Disconnecting from 149.154.167.51:443/TcpFull...
DEBUG 2025-07-15 07:15:09,556 mtprotosender _disconnect (line:322) - Closing current connection...
DEBUG 2025-07-15 07:15:09,556 mtprotosender _disconnect (line:325) - Cancelling 0 pending message(s)...
INFO 2025-07-15 07:15:09,556 mtprotosender _disconnect (line:339) - Disconnection from 149.154.167.51:443/TcpFull complete!
INFO 2025-07-15 07:15:09,619 basehttp log_message (line:213) - "POST /parser/ HTTP/1.1" 302 0
INFO 2025-07-15 07:15:09,638 basehttp log_message (line:213) - "GET /parser/list HTTP/1.1" 200 8630
INFO 2025-07-15 07:15:11,516 basehttp log_message (line:213) - "GET /parser/3/ HTTP/1.1" 200 35503
INFO 2025-07-15 07:15:17,220 basehttp log_message (line:213) - "GET /parser/ HTTP/1.1" 200 5233
DEBUG 2025-07-15 07:15:19,870 selector_events __init__ (line:64) - Using selector: KqueueSelector
INFO 2025-07-15 07:15:19,872 mtprotosender _connect (line:228) - Connecting to 149.154.167.51:443/TcpFull...
DEBUG 2025-07-15 07:15:19,873 mtprotosender _try_connect (line:283) - Connection attempt 1...
DEBUG 2025-07-15 07:15:19,874 mtprotosender _try_connect (line:285) - Connection success!
DEBUG 2025-07-15 07:15:19,874 mtprotosender _connect (line:267) - Starting send loop
DEBUG 2025-07-15 07:15:19,874 mtprotosender _connect (line:270) - Starting receive loop
INFO 2025-07-15 07:15:19,874 mtprotosender _connect (line:279) - Connection to 149.154.167.51:443/TcpFull complete!
DEBUG 2025-07-15 07:15:19,874 mtprotosender _send_loop (line:460) - Waiting for messages to send...
DEBUG 2025-07-15 07:15:19,875 messagepacker get (line:66) - Assigned msg_id = 7527203860761109028 to InvokeWithLayerRequest (1067725d0)
DEBUG 2025-07-15 07:15:19,875 mtprotosender _send_loop (line:469) - Encrypting 1 message(s) in 76 bytes for sending
DEBUG 2025-07-15 07:15:19,875 mtprotosender _send_loop (line:495) - Encrypted messages put in a queue to be sent
DEBUG 2025-07-15 07:15:19,875 mtprotosender _send_loop (line:460) - Waiting for messages to send...
DEBUG 2025-07-15 07:15:19,875 mtprotosender _recv_loop (line:505) - Receiving items from the network...
DEBUG 2025-07-15 07:15:20,258 mtprotosender _handle_bad_server_salt (line:750) - Handling bad salt for message 7527203860761109028
DEBUG 2025-07-15 07:15:20,258 mtprotosender _handle_bad_server_salt (line:755) - 1 message(s) will be resent
DEBUG 2025-07-15 07:15:20,258 mtprotosender _recv_loop (line:505) - Receiving items from the network...
DEBUG 2025-07-15 07:15:20,258 messagepacker get (line:66) - Assigned msg_id = 7527203862590729032 to InvokeWithLayerRequest (1067725d0)
DEBUG 2025-07-15 07:15:20,258 mtprotosender _send_loop (line:469) - Encrypting 1 message(s) in 76 bytes for sending
DEBUG 2025-07-15 07:15:20,258 mtprotosender _send_loop (line:495) - Encrypted messages put in a queue to be sent
DEBUG 2025-07-15 07:15:20,259 mtprotosender _send_loop (line:460) - Waiting for messages to send...
DEBUG 2025-07-15 07:15:20,259 messagepacker get (line:66) - Assigned msg_id = 7527203862592905316 to MsgsAck (1066059f0)
DEBUG 2025-07-15 07:15:20,259 mtprotosender _send_loop (line:469) - Encrypting 1 message(s) in 36 bytes for sending
DEBUG 2025-07-15 07:15:20,259 mtprotosender _send_loop (line:495) - Encrypted messages put in a queue to be sent
DEBUG 2025-07-15 07:15:20,259 mtprotosender _send_loop (line:460) - Waiting for messages to send...
DEBUG 2025-07-15 07:15:20,438 mtprotosender _handle_container (line:657) - Handling container
DEBUG 2025-07-15 07:15:20,438 mtprotosender _handle_new_session_created (line:825) - Handling new session created
DEBUG 2025-07-15 07:15:20,438 mtprotosender _handle_ack (line:844) - Handling acknowledge for [7527203862590729032]
DEBUG 2025-07-15 07:15:20,439 mtprotosender _recv_loop (line:505) - Receiving items from the network...
DEBUG 2025-07-15 07:15:20,480 mtprotosender _handle_rpc_result (line:607) - Handling RPC result for message 7527203862590729032
DEBUG 2025-07-15 07:15:20,481 mtprotosender _recv_loop (line:505) - Receiving items from the network...
DEBUG 2025-07-15 07:15:20,481 messagepacker get (line:66) - Assigned msg_id = 7527203863482517516 to GetUsersRequest (1067725d0)
DEBUG 2025-07-15 07:15:20,481 mtprotosender _send_loop (line:469) - Encrypting 1 message(s) in 32 bytes for sending
DEBUG 2025-07-15 07:15:20,481 mtprotosender _send_loop (line:495) - Encrypted messages put in a queue to be sent
DEBUG 2025-07-15 07:15:20,482 mtprotosender _send_loop (line:460) - Waiting for messages to send...
DEBUG 2025-07-15 07:15:20,482 messagepacker get (line:66) - Assigned msg_id = 7527203863484749112 to MsgsAck (10672e180)
DEBUG 2025-07-15 07:15:20,482 mtprotosender _send_loop (line:469) - Encrypting 1 message(s) in 60 bytes for sending
DEBUG 2025-07-15 07:15:20,482 mtprotosender _send_loop (line:495) - Encrypted messages put in a queue to be sent
DEBUG 2025-07-15 07:15:20,482 mtprotosender _send_loop (line:460) - Waiting for messages to send...
DEBUG 2025-07-15 07:15:20,704 mtprotosender _handle_rpc_result (line:607) - Handling RPC result for message 7527203863482517516
DEBUG 2025-07-15 07:15:20,705 mtprotosender _recv_loop (line:505) - Receiving items from the network...
DEBUG 2025-07-15 07:15:20,706 messagepacker get (line:66) - Assigned msg_id = 7527203864382540976 to GetStateRequest (1067725d0)
DEBUG 2025-07-15 07:15:20,706 mtprotosender _send_loop (line:469) - Encrypting 1 message(s) in 20 bytes for sending
DEBUG 2025-07-15 07:15:20,707 mtprotosender _send_loop (line:495) - Encrypted messages put in a queue to be sent
DEBUG 2025-07-15 07:15:20,707 mtprotosender _send_loop (line:460) - Waiting for messages to send...
DEBUG 2025-07-15 07:15:20,707 messagepacker get (line:66) - Assigned msg_id = 7527203864386489188 to MsgsAck (1065a7dd0)
DEBUG 2025-07-15 07:15:20,707 mtprotosender _send_loop (line:469) - Encrypting 1 message(s) in 36 bytes for sending
DEBUG 2025-07-15 07:15:20,708 mtprotosender _send_loop (line:495) - Encrypted messages put in a queue to be sent
DEBUG 2025-07-15 07:15:20,708 mtprotosender _send_loop (line:460) - Waiting for messages to send...
DEBUG 2025-07-15 07:15:20,900 mtprotosender _handle_rpc_result (line:607) - Handling RPC result for message 7527203864382540976
DEBUG 2025-07-15 07:15:20,901 mtprotosender _recv_loop (line:505) - Receiving items from the network...
DEBUG 2025-07-15 07:15:20,901 messagepacker get (line:66) - Assigned msg_id = 7527203865163189208 to GetDifferenceRequest (1067725d0)
DEBUG 2025-07-15 07:15:20,902 mtprotosender _send_loop (line:469) - Encrypting 1 message(s) in 36 bytes for sending
DEBUG 2025-07-15 07:15:20,902 mtprotosender _send_loop (line:495) - Encrypted messages put in a queue to be sent
DEBUG 2025-07-15 07:15:20,902 mtprotosender _send_loop (line:460) - Waiting for messages to send...
DEBUG 2025-07-15 07:15:20,902 messagepacker get (line:66) - Assigned msg_id = 7527203865167113576 to MsgsAck (106794950)
DEBUG 2025-07-15 07:15:20,902 mtprotosender _send_loop (line:469) - Encrypting 1 message(s) in 36 bytes for sending
DEBUG 2025-07-15 07:15:20,903 mtprotosender _send_loop (line:495) - Encrypted messages put in a queue to be sent
DEBUG 2025-07-15 07:15:20,903 mtprotosender _send_loop (line:460) - Waiting for messages to send...
DEBUG 2025-07-15 07:15:21,089 mtprotosender _handle_rpc_result (line:607) - Handling RPC result for message 7527203865163189208
DEBUG 2025-07-15 07:15:21,089 mtprotosender _recv_loop (line:505) - Receiving items from the network...
DEBUG 2025-07-15 07:15:22,094 messagepacker get (line:66) - Assigned msg_id = 7527203870521839656 to ResolveUsernameRequest (106772210)
DEBUG 2025-07-15 07:15:22,094 mtprotosender _send_loop (line:469) - Encrypting 1 message(s) in 36 bytes for sending
DEBUG 2025-07-15 07:15:22,095 mtprotosender _send_loop (line:495) - Encrypted messages put in a queue to be sent
DEBUG 2025-07-15 07:15:22,095 mtprotosender _send_loop (line:460) - Waiting for messages to send...
DEBUG 2025-07-15 07:15:22,095 messagepacker get (line:66) - Assigned msg_id = 7527203870527656116 to MsgsAck (1066d7ee0)
DEBUG 2025-07-15 07:15:22,095 mtprotosender _send_loop (line:469) - Encrypting 1 message(s) in 36 bytes for sending
DEBUG 2025-07-15 07:15:22,096 mtprotosender _send_loop (line:495) - Encrypted messages put in a queue to be sent
DEBUG 2025-07-15 07:15:22,096 mtprotosender _send_loop (line:460) - Waiting for messages to send...
DEBUG 2025-07-15 07:15:22,296 mtprotosender _handle_update (line:683) - Handling update Updates
DEBUG 2025-07-15 07:15:22,296 mtprotosender _recv_loop (line:505) - Receiving items from the network...
DEBUG 2025-07-15 07:15:22,298 mtprotosender _handle_update (line:683) - Handling update Updates
DEBUG 2025-07-15 07:15:22,298 mtprotosender _recv_loop (line:505) - Receiving items from the network...
DEBUG 2025-07-15 07:15:22,317 mtprotosender _handle_update (line:683) - Handling update Updates
DEBUG 2025-07-15 07:15:22,317 mtprotosender _recv_loop (line:505) - Receiving items from the network...
DEBUG 2025-07-15 07:15:22,318 mtprotosender _handle_ack (line:844) - Handling acknowledge for [7527203870521839656]
DEBUG 2025-07-15 07:15:22,318 mtprotosender _recv_loop (line:505) - Receiving items from the network...
DEBUG 2025-07-15 07:15:22,346 mtprotosender _handle_rpc_result (line:607) - Handling RPC result for message 7527203870521839656
DEBUG 2025-07-15 07:15:22,347 mtprotosender _recv_loop (line:505) - Receiving items from the network...
DEBUG 2025-07-15 07:15:22,347 messagepacker get (line:66) - Assigned msg_id = 7527203871537155668 to GetHistoryRequest (106771bd0)
DEBUG 2025-07-15 07:15:22,347 mtprotosender _send_loop (line:469) - Encrypting 1 message(s) in 72 bytes for sending
DEBUG 2025-07-15 07:15:22,348 mtprotosender _send_loop (line:495) - Encrypted messages put in a queue to be sent
DEBUG 2025-07-15 07:15:22,348 mtprotosender _send_loop (line:460) - Waiting for messages to send...
DEBUG 2025-07-15 07:15:22,348 messagepacker get (line:66) - Assigned msg_id = 7527203871539682904 to MsgsAck (106766270)
DEBUG 2025-07-15 07:15:22,348 mtprotosender _send_loop (line:469) - Encrypting 1 message(s) in 68 bytes for sending
DEBUG 2025-07-15 07:15:22,348 mtprotosender _send_loop (line:495) - Encrypted messages put in a queue to be sent
DEBUG 2025-07-15 07:15:22,349 mtprotosender _send_loop (line:460) - Waiting for messages to send...
DEBUG 2025-07-15 07:15:22,759 mtprotosender _handle_rpc_result (line:607) - Handling RPC result for message 7527203871537155668
DEBUG 2025-07-15 07:15:22,768 mtprotosender _recv_loop (line:505) - Receiving items from the network...
DEBUG 2025-07-15 07:15:22,769 messagepacker get (line:66) - Assigned msg_id = 7527203873225055256 to GetFullChannelRequest (106772210)
DEBUG 2025-07-15 07:15:22,769 mtprotosender _send_loop (line:469) - Encrypting 1 message(s) in 40 bytes for sending
DEBUG 2025-07-15 07:15:22,770 mtprotosender _send_loop (line:495) - Encrypted messages put in a queue to be sent
DEBUG 2025-07-15 07:15:22,770 mtprotosender _send_loop (line:460) - Waiting for messages to send...
DEBUG 2025-07-15 07:15:22,770 messagepacker get (line:66) - Assigned msg_id = 7527203873228515188 to MsgsAck (1066bbad0)
DEBUG 2025-07-15 07:15:22,770 mtprotosender _send_loop (line:469) - Encrypting 1 message(s) in 36 bytes for sending
DEBUG 2025-07-15 07:15:22,771 mtprotosender _send_loop (line:495) - Encrypted messages put in a queue to be sent
DEBUG 2025-07-15 07:15:22,771 mtprotosender _send_loop (line:460) - Waiting for messages to send...
DEBUG 2025-07-15 07:15:22,997 mtprotosender _handle_rpc_result (line:607) - Handling RPC result for message 7527203873225055256
DEBUG 2025-07-15 07:15:22,998 mtprotosender _recv_loop (line:505) - Receiving items from the network...
DEBUG 2025-07-15 07:15:22,998 messagepacker get (line:66) - Assigned msg_id = 7527203874141110936 to GetMessagesRequest (1066c2850)
DEBUG 2025-07-15 07:15:22,998 mtprotosender _send_loop (line:469) - Encrypting 1 message(s) in 56 bytes for sending
DEBUG 2025-07-15 07:15:22,999 mtprotosender _send_loop (line:495) - Encrypted messages put in a queue to be sent
DEBUG 2025-07-15 07:15:22,999 mtprotosender _send_loop (line:460) - Waiting for messages to send...
DEBUG 2025-07-15 07:15:22,999 messagepacker get (line:66) - Assigned msg_id = 7527203874143663920 to MsgsAck (10675bd90)
DEBUG 2025-07-15 07:15:22,999 mtprotosender _send_loop (line:469) - Encrypting 1 message(s) in 36 bytes for sending
DEBUG 2025-07-15 07:15:22,999 mtprotosender _send_loop (line:495) - Encrypted messages put in a queue to be sent
DEBUG 2025-07-15 07:15:23,000 mtprotosender _send_loop (line:460) - Waiting for messages to send...
DEBUG 2025-07-15 07:15:23,242 mtprotosender _handle_rpc_result (line:607) - Handling RPC result for message 7527203874141110936
DEBUG 2025-07-15 07:15:23,243 mtprotosender _recv_loop (line:505) - Receiving items from the network...
INFO 2025-07-15 07:15:23,249 mtprotosender _disconnect (line:319) - Disconnecting from 149.154.167.51:443/TcpFull...
DEBUG 2025-07-15 07:15:23,249 mtprotosender _disconnect (line:322) - Closing current connection...
DEBUG 2025-07-15 07:15:23,249 mtprotosender _disconnect (line:325) - Cancelling 0 pending message(s)...
INFO 2025-07-15 07:15:23,250 mtprotosender _disconnect (line:339) - Disconnection from 149.154.167.51:443/TcpFull complete!
INFO 2025-07-15 07:15:23,376 basehttp log_message (line:213) - "POST /parser/ HTTP/1.1" 302 0
INFO 2025-07-15 07:15:23,393 basehttp log_message (line:213) - "GET /parser/list HTTP/1.1" 200 8642
INFO 2025-07-15 07:15:25,701 basehttp log_message (line:213) - "GET /parser/2/ HTTP/1.1" 200 19815
INFO 2025-07-15 07:15:34,116 basehttp log_message (line:213) - "GET / HTTP/1.1" 200 3358
INFO 2025-07-15 07:15:35,206 basehttp log_message (line:213) - "GET /parser/ HTTP/1.1" 200 5233
INFO 2025-07-15 07:18:25,241 autoreload run_with_reloader (line:667) - Watching for file changes with StatReloader
INFO 2025-07-15 07:18:25,273 aes <module> (line:23) - libssl detected, it will be used for encryption
INFO 2025-07-15 07:18:34,350 basehttp log_message (line:213) - "GET /parser/list HTTP/1.1" 200 8079
INFO 2025-07-15 07:18:40,913 basehttp log_message (line:213) - "GET /parser/ HTTP/1.1" 200 5233
DEBUG 2025-07-15 07:18:45,133 selector_events __init__ (line:64) - Using selector: KqueueSelector
INFO 2025-07-15 07:18:45,140 mtprotosender _connect (line:228) - Connecting to 149.154.167.51:443/TcpFull...
DEBUG 2025-07-15 07:18:45,140 mtprotosender _try_connect (line:283) - Connection attempt 1...
DEBUG 2025-07-15 07:18:45,142 mtprotosender _try_connect (line:285) - Connection success!
DEBUG 2025-07-15 07:18:45,142 mtprotosender _connect (line:267) - Starting send loop
DEBUG 2025-07-15 07:18:45,142 mtprotosender _connect (line:270) - Starting receive loop
INFO 2025-07-15 07:18:45,142 mtprotosender _connect (line:279) - Connection to 149.154.167.51:443/TcpFull complete!
DEBUG 2025-07-15 07:18:45,144 mtprotosender _send_loop (line:460) - Waiting for messages to send...
DEBUG 2025-07-15 07:18:45,144 messagepacker get (line:66) - Assigned msg_id = 7527204742602752588 to InvokeWithLayerRequest (1063ae270)
DEBUG 2025-07-15 07:18:45,144 mtprotosender _send_loop (line:469) - Encrypting 1 message(s) in 76 bytes for sending
DEBUG 2025-07-15 07:18:45,152 mtprotosender _send_loop (line:495) - Encrypted messages put in a queue to be sent
DEBUG 2025-07-15 07:18:45,152 mtprotosender _send_loop (line:460) - Waiting for messages to send...
DEBUG 2025-07-15 07:18:45,152 mtprotosender _recv_loop (line:505) - Receiving items from the network...
DEBUG 2025-07-15 07:18:45,534 mtprotosender _handle_bad_server_salt (line:750) - Handling bad salt for message 7527204742602752588
DEBUG 2025-07-15 07:18:45,534 mtprotosender _handle_bad_server_salt (line:755) - 1 message(s) will be resent
DEBUG 2025-07-15 07:18:45,534 mtprotosender _recv_loop (line:505) - Receiving items from the network...
DEBUG 2025-07-15 07:18:45,535 messagepacker get (line:66) - Assigned msg_id = 7527204744165312668 to InvokeWithLayerRequest (1063ae270)
DEBUG 2025-07-15 07:18:45,535 mtprotosender _send_loop (line:469) - Encrypting 1 message(s) in 76 bytes for sending
DEBUG 2025-07-15 07:18:45,535 mtprotosender _send_loop (line:495) - Encrypted messages put in a queue to be sent
DEBUG 2025-07-15 07:18:45,536 mtprotosender _send_loop (line:460) - Waiting for messages to send...
DEBUG 2025-07-15 07:18:45,536 messagepacker get (line:66) - Assigned msg_id = 7527204744169468780 to MsgsAck (1063ae660)
DEBUG 2025-07-15 07:18:45,536 mtprotosender _send_loop (line:469) - Encrypting 1 message(s) in 36 bytes for sending
DEBUG 2025-07-15 07:18:45,536 mtprotosender _send_loop (line:495) - Encrypted messages put in a queue to be sent
DEBUG 2025-07-15 07:18:45,537 mtprotosender _send_loop (line:460) - Waiting for messages to send...
DEBUG 2025-07-15 07:18:45,776 mtprotosender _handle_container (line:657) - Handling container
DEBUG 2025-07-15 07:18:45,777 mtprotosender _handle_new_session_created (line:825) - Handling new session created
DEBUG 2025-07-15 07:18:45,777 mtprotosender _handle_ack (line:844) - Handling acknowledge for [7527204744165312668]
DEBUG 2025-07-15 07:18:45,777 mtprotosender _recv_loop (line:505) - Receiving items from the network...
DEBUG 2025-07-15 07:18:45,778 mtprotosender _handle_rpc_result (line:607) - Handling RPC result for message 7527204744165312668
DEBUG 2025-07-15 07:18:45,779 mtprotosender _recv_loop (line:505) - Receiving items from the network...
DEBUG 2025-07-15 07:18:45,780 messagepacker get (line:66) - Assigned msg_id = 7527204745147189040 to GetUsersRequest (1063aea50)
DEBUG 2025-07-15 07:18:45,780 mtprotosender _send_loop (line:469) - Encrypting 1 message(s) in 32 bytes for sending
DEBUG 2025-07-15 07:18:45,781 mtprotosender _send_loop (line:495) - Encrypted messages put in a queue to be sent
DEBUG 2025-07-15 07:18:45,781 mtprotosender _send_loop (line:460) - Waiting for messages to send...
DEBUG 2025-07-15 07:18:45,781 messagepacker get (line:66) - Assigned msg_id = 7527204745149672408 to MsgsAck (106225590)
DEBUG 2025-07-15 07:18:45,781 mtprotosender _send_loop (line:469) - Encrypting 1 message(s) in 60 bytes for sending
DEBUG 2025-07-15 07:18:45,782 mtprotosender _send_loop (line:495) - Encrypted messages put in a queue to be sent
DEBUG 2025-07-15 07:18:45,782 mtprotosender _send_loop (line:460) - Waiting for messages to send...
DEBUG 2025-07-15 07:18:46,005 mtprotosender _handle_rpc_result (line:607) - Handling RPC result for message 7527204745147189040
DEBUG 2025-07-15 07:18:46,005 mtprotosender _recv_loop (line:505) - Receiving items from the network...
DEBUG 2025-07-15 07:18:46,006 messagepacker get (line:66) - Assigned msg_id = 7527204746345304036 to GetStateRequest (1063aea50)
DEBUG 2025-07-15 07:18:46,006 mtprotosender _send_loop (line:469) - Encrypting 1 message(s) in 20 bytes for sending
DEBUG 2025-07-15 07:18:46,007 mtprotosender _send_loop (line:495) - Encrypted messages put in a queue to be sent
DEBUG 2025-07-15 07:18:46,007 mtprotosender _send_loop (line:460) - Waiting for messages to send...
DEBUG 2025-07-15 07:18:46,007 messagepacker get (line:66) - Assigned msg_id = 7527204746348596120 to MsgsAck (1062a4510)
DEBUG 2025-07-15 07:18:46,007 mtprotosender _send_loop (line:469) - Encrypting 1 message(s) in 36 bytes for sending
DEBUG 2025-07-15 07:18:46,007 mtprotosender _send_loop (line:495) - Encrypted messages put in a queue to be sent
DEBUG 2025-07-15 07:18:46,008 mtprotosender _send_loop (line:460) - Waiting for messages to send...
DEBUG 2025-07-15 07:18:46,254 mtprotosender _handle_rpc_result (line:607) - Handling RPC result for message 7527204746345304036
DEBUG 2025-07-15 07:18:46,256 mtprotosender _recv_loop (line:505) - Receiving items from the network...
DEBUG 2025-07-15 07:18:46,256 messagepacker get (line:66) - Assigned msg_id = 7527204747346691632 to GetDifferenceRequest (1063aea50)
DEBUG 2025-07-15 07:18:46,257 mtprotosender _send_loop (line:469) - Encrypting 1 message(s) in 36 bytes for sending
DEBUG 2025-07-15 07:18:46,257 mtprotosender _send_loop (line:495) - Encrypted messages put in a queue to be sent
DEBUG 2025-07-15 07:18:46,257 mtprotosender _send_loop (line:460) - Waiting for messages to send...
DEBUG 2025-07-15 07:18:46,257 messagepacker get (line:66) - Assigned msg_id = 7527204747351064228 to MsgsAck (1062a4770)
DEBUG 2025-07-15 07:18:46,258 mtprotosender _send_loop (line:469) - Encrypting 1 message(s) in 36 bytes for sending
DEBUG 2025-07-15 07:18:46,258 mtprotosender _send_loop (line:495) - Encrypted messages put in a queue to be sent
DEBUG 2025-07-15 07:18:46,258 mtprotosender _send_loop (line:460) - Waiting for messages to send...
DEBUG 2025-07-15 07:18:46,486 mtprotosender _handle_rpc_result (line:607) - Handling RPC result for message 7527204747346691632
DEBUG 2025-07-15 07:18:46,487 mtprotosender _recv_loop (line:505) - Receiving items from the network...
DEBUG 2025-07-15 07:18:47,494 messagepacker get (line:66) - Assigned msg_id = 7527204752593227532 to ResolveUsernameRequest (1063ae7b0)
DEBUG 2025-07-15 07:18:47,495 mtprotosender _send_loop (line:469) - Encrypting 1 message(s) in 32 bytes for sending
DEBUG 2025-07-15 07:18:47,495 mtprotosender _send_loop (line:495) - Encrypted messages put in a queue to be sent
DEBUG 2025-07-15 07:18:47,495 mtprotosender _send_loop (line:460) - Waiting for messages to send...
DEBUG 2025-07-15 07:18:47,496 messagepacker get (line:66) - Assigned msg_id = 7527204752598351624 to MsgsAck (10591b890)
DEBUG 2025-07-15 07:18:47,496 mtprotosender _send_loop (line:469) - Encrypting 1 message(s) in 36 bytes for sending
DEBUG 2025-07-15 07:18:47,496 mtprotosender _send_loop (line:495) - Encrypted messages put in a queue to be sent
DEBUG 2025-07-15 07:18:47,496 mtprotosender _send_loop (line:460) - Waiting for messages to send...
DEBUG 2025-07-15 07:18:47,714 mtprotosender _handle_rpc_result (line:607) - Handling RPC result for message 7527204752593227532
DEBUG 2025-07-15 07:18:47,715 mtprotosender _recv_loop (line:505) - Receiving items from the network...
DEBUG 2025-07-15 07:18:47,716 messagepacker get (line:66) - Assigned msg_id = 7527204753478879120 to GetHistoryRequest (1063ae7b0)
DEBUG 2025-07-15 07:18:47,716 mtprotosender _send_loop (line:469) - Encrypting 1 message(s) in 72 bytes for sending
DEBUG 2025-07-15 07:18:47,716 mtprotosender _send_loop (line:495) - Encrypted messages put in a queue to be sent
DEBUG 2025-07-15 07:18:47,716 mtprotosender _send_loop (line:460) - Waiting for messages to send...
DEBUG 2025-07-15 07:18:47,716 messagepacker get (line:66) - Assigned msg_id = 7527204753481375840 to MsgsAck (1062cdd00)
DEBUG 2025-07-15 07:18:47,716 mtprotosender _send_loop (line:469) - Encrypting 1 message(s) in 36 bytes for sending
DEBUG 2025-07-15 07:18:47,717 mtprotosender _send_loop (line:495) - Encrypted messages put in a queue to be sent
DEBUG 2025-07-15 07:18:47,717 mtprotosender _send_loop (line:460) - Waiting for messages to send...
DEBUG 2025-07-15 07:18:48,207 mtprotosender _handle_rpc_result (line:607) - Handling RPC result for message 7527204753478879120
DEBUG 2025-07-15 07:18:48,215 mtprotosender _recv_loop (line:505) - Receiving items from the network...
INFO 2025-07-15 07:18:48,218 mtprotosender _disconnect (line:319) - Disconnecting from 149.154.167.51:443/TcpFull...
DEBUG 2025-07-15 07:18:48,218 mtprotosender _disconnect (line:322) - Closing current connection...
DEBUG 2025-07-15 07:18:48,218 mtprotosender _disconnect (line:325) - Cancelling 0 pending message(s)...
INFO 2025-07-15 07:18:48,218 mtprotosender _disconnect (line:339) - Disconnection from 149.154.167.51:443/TcpFull complete!
INFO 2025-07-15 07:18:48,220 basehttp log_message (line:213) - "POST /parser/ HTTP/1.1" 200 5247
DEBUG 2025-07-15 07:19:21,052 selector_events __init__ (line:64) - Using selector: KqueueSelector
INFO 2025-07-15 07:19:21,066 mtprotosender _connect (line:228) - Connecting to 149.154.167.51:443/TcpFull...
DEBUG 2025-07-15 07:19:21,067 mtprotosender _try_connect (line:283) - Connection attempt 1...
DEBUG 2025-07-15 07:19:21,068 mtprotosender _try_connect (line:285) - Connection success!
DEBUG 2025-07-15 07:19:21,068 mtprotosender _connect (line:267) - Starting send loop
DEBUG 2025-07-15 07:19:21,068 mtprotosender _connect (line:270) - Starting receive loop
INFO 2025-07-15 07:19:21,068 mtprotosender _connect (line:279) - Connection to 149.154.167.51:443/TcpFull complete!
DEBUG 2025-07-15 07:19:21,068 mtprotosender _send_loop (line:460) - Waiting for messages to send...
DEBUG 2025-07-15 07:19:21,068 messagepacker get (line:66) - Assigned msg_id = 7527204896918935280 to InvokeWithLayerRequest (1063d56d0)
DEBUG 2025-07-15 07:19:21,069 mtprotosender _send_loop (line:469) - Encrypting 1 message(s) in 76 bytes for sending
DEBUG 2025-07-15 07:19:21,071 mtprotosender _send_loop (line:495) - Encrypted messages put in a queue to be sent
DEBUG 2025-07-15 07:19:21,071 mtprotosender _send_loop (line:460) - Waiting for messages to send...
DEBUG 2025-07-15 07:19:21,071 mtprotosender _recv_loop (line:505) - Receiving items from the network...
DEBUG 2025-07-15 07:19:21,486 mtprotosender _handle_bad_server_salt (line:750) - Handling bad salt for message 7527204896918935280
DEBUG 2025-07-15 07:19:21,486 mtprotosender _handle_bad_server_salt (line:755) - 1 message(s) will be resent
DEBUG 2025-07-15 07:19:21,486 mtprotosender _recv_loop (line:505) - Receiving items from the network...
DEBUG 2025-07-15 07:19:21,487 messagepacker get (line:66) - Assigned msg_id = 7527204898591864092 to InvokeWithLayerRequest (1063d56d0)
DEBUG 2025-07-15 07:19:21,487 mtprotosender _send_loop (line:469) - Encrypting 1 message(s) in 76 bytes for sending
DEBUG 2025-07-15 07:19:21,488 mtprotosender _send_loop (line:495) - Encrypted messages put in a queue to be sent
DEBUG 2025-07-15 07:19:21,488 mtprotosender _send_loop (line:460) - Waiting for messages to send...
DEBUG 2025-07-15 07:19:21,489 messagepacker get (line:66) - Assigned msg_id = 7527204898599359020 to MsgsAck (1063c5f20)
DEBUG 2025-07-15 07:19:21,489 mtprotosender _send_loop (line:469) - Encrypting 1 message(s) in 36 bytes for sending
DEBUG 2025-07-15 07:19:21,490 mtprotosender _send_loop (line:495) - Encrypted messages put in a queue to be sent
DEBUG 2025-07-15 07:19:21,490 mtprotosender _send_loop (line:460) - Waiting for messages to send...
DEBUG 2025-07-15 07:19:21,679 mtprotosender _handle_container (line:657) - Handling container
DEBUG 2025-07-15 07:19:21,679 mtprotosender _handle_new_session_created (line:825) - Handling new session created
DEBUG 2025-07-15 07:19:21,679 mtprotosender _handle_ack (line:844) - Handling acknowledge for [7527204898591864092]
DEBUG 2025-07-15 07:19:21,680 mtprotosender _recv_loop (line:505) - Receiving items from the network...
DEBUG 2025-07-15 07:19:21,758 mtprotosender _handle_rpc_result (line:607) - Handling RPC result for message 7527204898591864092
DEBUG 2025-07-15 07:19:21,760 mtprotosender _recv_loop (line:505) - Receiving items from the network...
DEBUG 2025-07-15 07:19:21,761 messagepacker get (line:66) - Assigned msg_id = 7527204899687751276 to GetUsersRequest (1063d5810)
DEBUG 2025-07-15 07:19:21,761 mtprotosender _send_loop (line:469) - Encrypting 1 message(s) in 32 bytes for sending
DEBUG 2025-07-15 07:19:21,761 mtprotosender _send_loop (line:495) - Encrypted messages put in a queue to be sent
DEBUG 2025-07-15 07:19:21,761 mtprotosender _send_loop (line:460) - Waiting for messages to send...
DEBUG 2025-07-15 07:19:21,762 messagepacker get (line:66) - Assigned msg_id = 7527204899691455348 to MsgsAck (1063d2450)
DEBUG 2025-07-15 07:19:21,762 mtprotosender _send_loop (line:469) - Encrypting 1 message(s) in 60 bytes for sending
DEBUG 2025-07-15 07:19:21,763 mtprotosender _send_loop (line:495) - Encrypted messages put in a queue to be sent
DEBUG 2025-07-15 07:19:21,763 mtprotosender _send_loop (line:460) - Waiting for messages to send...
DEBUG 2025-07-15 07:19:22,100 mtprotosender _handle_rpc_result (line:607) - Handling RPC result for message 7527204899687751276
DEBUG 2025-07-15 07:19:22,101 mtprotosender _recv_loop (line:505) - Receiving items from the network...
DEBUG 2025-07-15 07:19:22,101 messagepacker get (line:66) - Assigned msg_id = 7527204901345461948 to GetStateRequest (1063d5810)
DEBUG 2025-07-15 07:19:22,102 mtprotosender _send_loop (line:469) - Encrypting 1 message(s) in 20 bytes for sending
DEBUG 2025-07-15 07:19:22,102 mtprotosender _send_loop (line:495) - Encrypted messages put in a queue to be sent
DEBUG 2025-07-15 07:19:22,102 mtprotosender _send_loop (line:460) - Waiting for messages to send...
DEBUG 2025-07-15 07:19:22,102 messagepacker get (line:66) - Assigned msg_id = 7527204901349442588 to MsgsAck (1063da4e0)
DEBUG 2025-07-15 07:19:22,102 mtprotosender _send_loop (line:469) - Encrypting 1 message(s) in 36 bytes for sending
DEBUG 2025-07-15 07:19:22,103 mtprotosender _send_loop (line:495) - Encrypted messages put in a queue to be sent
DEBUG 2025-07-15 07:19:22,104 mtprotosender _send_loop (line:460) - Waiting for messages to send...
DEBUG 2025-07-15 07:19:22,400 mtprotosender _handle_rpc_result (line:607) - Handling RPC result for message 7527204901345461948
DEBUG 2025-07-15 07:19:22,401 mtprotosender _recv_loop (line:505) - Receiving items from the network...
DEBUG 2025-07-15 07:19:22,402 messagepacker get (line:66) - Assigned msg_id = 7527204902546402084 to GetDifferenceRequest (1063d5810)
DEBUG 2025-07-15 07:19:22,402 mtprotosender _send_loop (line:469) - Encrypting 1 message(s) in 36 bytes for sending
DEBUG 2025-07-15 07:19:22,402 mtprotosender _send_loop (line:495) - Encrypted messages put in a queue to be sent
DEBUG 2025-07-15 07:19:22,402 mtprotosender _send_loop (line:460) - Waiting for messages to send...
DEBUG 2025-07-15 07:19:22,402 messagepacker get (line:66) - Assigned msg_id = 7527204902549895392 to MsgsAck (1063da8a0)
DEBUG 2025-07-15 07:19:22,403 mtprotosender _send_loop (line:469) - Encrypting 1 message(s) in 36 bytes for sending
DEBUG 2025-07-15 07:19:22,403 mtprotosender _send_loop (line:495) - Encrypted messages put in a queue to be sent
DEBUG 2025-07-15 07:19:22,403 mtprotosender _send_loop (line:460) - Waiting for messages to send...
DEBUG 2025-07-15 07:19:22,684 mtprotosender _handle_rpc_result (line:607) - Handling RPC result for message 7527204902546402084
DEBUG 2025-07-15 07:19:22,685 mtprotosender _recv_loop (line:505) - Receiving items from the network...
DEBUG 2025-07-15 07:19:23,689 messagepacker get (line:66) - Assigned msg_id = 7527204907992382752 to ResolveUsernameRequest (1063d5950)
DEBUG 2025-07-15 07:19:23,690 mtprotosender _send_loop (line:469) - Encrypting 1 message(s) in 36 bytes for sending
DEBUG 2025-07-15 07:19:23,691 mtprotosender _send_loop (line:495) - Encrypted messages put in a queue to be sent
DEBUG 2025-07-15 07:19:23,691 mtprotosender _send_loop (line:460) - Waiting for messages to send...
DEBUG 2025-07-15 07:19:23,691 messagepacker get (line:66) - Assigned msg_id = 7527204907998677956 to MsgsAck (1063bbe70)
DEBUG 2025-07-15 07:19:23,691 mtprotosender _send_loop (line:469) - Encrypting 1 message(s) in 36 bytes for sending
DEBUG 2025-07-15 07:19:23,692 mtprotosender _send_loop (line:495) - Encrypted messages put in a queue to be sent
DEBUG 2025-07-15 07:19:23,692 mtprotosender _send_loop (line:460) - Waiting for messages to send...
DEBUG 2025-07-15 07:19:23,993 mtprotosender _handle_rpc_result (line:607) - Handling RPC result for message 7527204907992382752
DEBUG 2025-07-15 07:19:23,994 mtprotosender _recv_loop (line:505) - Receiving items from the network...
DEBUG 2025-07-15 07:19:23,995 messagepacker get (line:66) - Assigned msg_id = 7527204909214189280 to GetHistoryRequest (1063d56d0)
DEBUG 2025-07-15 07:19:23,995 mtprotosender _send_loop (line:469) - Encrypting 1 message(s) in 72 bytes for sending
DEBUG 2025-07-15 07:19:23,995 mtprotosender _send_loop (line:495) - Encrypted messages put in a queue to be sent
DEBUG 2025-07-15 07:19:23,995 mtprotosender _send_loop (line:460) - Waiting for messages to send...
DEBUG 2025-07-15 07:19:23,995 messagepacker get (line:66) - Assigned msg_id = 7527204909216818560 to MsgsAck (1063683d0)
DEBUG 2025-07-15 07:19:23,996 mtprotosender _send_loop (line:469) - Encrypting 1 message(s) in 36 bytes for sending
DEBUG 2025-07-15 07:19:23,996 mtprotosender _send_loop (line:495) - Encrypted messages put in a queue to be sent
DEBUG 2025-07-15 07:19:23,996 mtprotosender _send_loop (line:460) - Waiting for messages to send...
DEBUG 2025-07-15 07:19:24,406 mtprotosender _handle_rpc_result (line:607) - Handling RPC result for message 7527204909214189280
DEBUG 2025-07-15 07:19:24,418 mtprotosender _recv_loop (line:505) - Receiving items from the network...
DEBUG 2025-07-15 07:19:24,421 messagepacker get (line:66) - Assigned msg_id = 7527204911215393412 to GetFullChannelRequest (1063be660)
DEBUG 2025-07-15 07:19:24,421 mtprotosender _send_loop (line:469) - Encrypting 1 message(s) in 40 bytes for sending
DEBUG 2025-07-15 07:19:24,422 mtprotosender _send_loop (line:495) - Encrypted messages put in a queue to be sent
DEBUG 2025-07-15 07:19:24,422 mtprotosender _send_loop (line:460) - Waiting for messages to send...
DEBUG 2025-07-15 07:19:24,422 messagepacker get (line:66) - Assigned msg_id = 7527204911217485776 to MsgsAck (1061a6ea0)
DEBUG 2025-07-15 07:19:24,422 mtprotosender _send_loop (line:469) - Encrypting 1 message(s) in 36 bytes for sending
DEBUG 2025-07-15 07:19:24,422 mtprotosender _send_loop (line:495) - Encrypted messages put in a queue to be sent
DEBUG 2025-07-15 07:19:24,422 mtprotosender _send_loop (line:460) - Waiting for messages to send...
DEBUG 2025-07-15 07:19:24,482 mtprotosender _handle_update (line:683) - Handling update UpdateShort
DEBUG 2025-07-15 07:19:24,482 mtprotosender _recv_loop (line:505) - Receiving items from the network...
DEBUG 2025-07-15 07:19:24,644 mtprotosender _handle_rpc_result (line:607) - Handling RPC result for message 7527204911215393412
DEBUG 2025-07-15 07:19:24,645 mtprotosender _recv_loop (line:505) - Receiving items from the network...
DEBUG 2025-07-15 07:19:24,646 messagepacker get (line:66) - Assigned msg_id = 7527204912112388960 to GetMessagesRequest (1063be7b0)
DEBUG 2025-07-15 07:19:24,646 mtprotosender _send_loop (line:469) - Encrypting 1 message(s) in 56 bytes for sending
DEBUG 2025-07-15 07:19:24,646 mtprotosender _send_loop (line:495) - Encrypted messages put in a queue to be sent
DEBUG 2025-07-15 07:19:24,646 mtprotosender _send_loop (line:460) - Waiting for messages to send...
DEBUG 2025-07-15 07:19:24,646 messagepacker get (line:66) - Assigned msg_id = 7527204912115068784 to MsgsAck (1063e90d0)
DEBUG 2025-07-15 07:19:24,646 mtprotosender _send_loop (line:469) - Encrypting 1 message(s) in 44 bytes for sending
DEBUG 2025-07-15 07:19:24,647 mtprotosender _send_loop (line:495) - Encrypted messages put in a queue to be sent
DEBUG 2025-07-15 07:19:24,647 mtprotosender _send_loop (line:460) - Waiting for messages to send...
DEBUG 2025-07-15 07:19:24,854 mtprotosender _handle_container (line:657) - Handling container
DEBUG 2025-07-15 07:19:24,855 mtprotosender _handle_update (line:683) - Handling update Updates
DEBUG 2025-07-15 07:19:24,855 mtprotosender _handle_ack (line:844) - Handling acknowledge for [7527204912112388960]
DEBUG 2025-07-15 07:19:24,855 mtprotosender _recv_loop (line:505) - Receiving items from the network...
DEBUG 2025-07-15 07:19:24,873 mtprotosender _handle_rpc_result (line:607) - Handling RPC result for message 7527204912112388960
DEBUG 2025-07-15 07:19:24,874 mtprotosender _recv_loop (line:505) - Receiving items from the network...
DEBUG 2025-07-15 07:19:24,876 parser tg_parser (line:106) - Канал успешно спарсился: {'title': 'Race Journal - Формула-1', 'channel_id': 1407265844, 'username': 'racejournal', 'verified': False, 'creation_date': '2022-08-22T07:58:54+00:00', 'last_messages': [{'post_id': 7586, 'post_text': '🔵 Румынское издание autoevolution сообщает, что [**Серхио Перес**](https://t.me/racejournal/6924) вернётся в Формулу-1 в 2026 году в качестве боевого пилота Cadillac. Официальное объявление о контракте ожидается сразу после [гран-при Венгрии](https://t.me/racejournal/6553) в августе.\n\nЧто касается второго пилота, утверждается, что в Cadillac отказались от идеи привлечь американского гонщика: [**Колтон Херта**](https://t.me/racejournal/6377) не имеет необходимого количества баллов для получения суперлицензии, а других подходящих кандидатов из США в распоряжении Cadillac нет. Также сообщается, что коллектив вёл переговоры с **Даниэлем Риккардо**, но австралиец не захотел возвращаться в чемпионат.\n\nНа данный момент, по информации источника, Cadillac рассматривает две кандидатуры: **Валттери Боттаса** и **Мика Шумахера**. Приоритетным вариантом считается Боттас, однако к финну проявляет интерес и Alpine. Если Боттас окажется во французской команде — в 2026 году или [даже раньше](https://t.me/racejournal/7505) — шанс на возвращение в Формулу-1 может получить Шумахер.\n\nНадёжность: 🟨🟨\n\n@racejournal • #слухи 🏷', 'post_views': 5189}, {'post_id': 7584, 'post_text': '⚪ В следующем месяце в рамках сотрудничества с Toyota **Haas** проведёт двухдневные тесты — 6–7 августа — на трассе Фудзи Спидвей для своего запасного гонщика [**Рё Хиракавы**](https://t.me/andrius_liutkevicius/2509) и действующего чемпиона Super Formula **Сё Цубои** за рулём VF-23 (2023).\n\nОба гонщика являются частью автоспортивной программы Toyota Gazoo Racing. Рё Хиракава уже не раз принимал участие в пятничных тренировках, в том числе в этом году — в Бахрейне и Испании за Haas и в Японии за Alpine, — тогда как для Сё Цубои это станет дебютом за рулём машины Формулы-1.\n\n@racejournal • #новости 🏷', 'post_views': 6253}, {'post_id': 7583, 'post_text': '🔵 Британское издание The Telegraph сообщает, что досрочное [увольнение](https://t.me/racejournal/7572) **Кристиана Хорнера** с поста руководителя Red Bull может обойтись команде более чем в 80 миллионов долларов.\n\nПо информации источника, контракт британца был рассчитан ещё на пять с половиной лет — до конца 2030 года. В 2022 году зарплата Хорнера составила £8,044 млн, в 2023-м — £8,915 млн.\n\nЕсли адвокаты Хорнера будут добиваться выплаты полной суммы по контракту за весь оставшийся срок, компенсация может достигнуть 60 миллионов фунтов стерлингов (~$80 млн) с учётом дополнительных источников дохода и бонусов, которые он мог получить, если бы остался на посту руководителя команды..\n\nЮристы Red Bull, в свою очередь, намерены оспорить право на выплату полной суммы, ссылаясь на высокую вероятность того, что Кристиан Хорнер сможет найти новую работу в краткосрочной перспективе. Это может стать основанием для уменьшения компенсации. Учитывая его послужной список, интерес со стороны других команд практически гарантирован.\n\nНадежность: 🟨🟨\n\n@racejournal • #слухи 🏷', 'post_views': 8453}, {'post_id': 7582, 'post_text': '1️⃣ Сегодня днём в аэропорту Ольбия Коста Смеральда на Сардинии приземлился личный самолёт **Макса Ферстаппена**. Незадолго до этого туда же прибыл руководитель Mercedes **Тото Вольф**.\n\nПо данным трекинга, яхты четырёхкратного чемпиона мира и главы Mercedes сейчас находятся всего в 27 километрах друг от друга.\n\n__ℹ️____ Ранее Ральф Шумахер сообщал, что на этой неделе между Ферстаппеном и Вольфом может состояться встреча.__\n\n@racejournal • #новости 🏷', 'post_views': 8356}, {'post_id': 7581, 'post_text': '🔵 Sky Sports F1 сообщает, что обязательный отпуск «по уходу за садом» **Кристиана Хорнера** после [увольнения](https://t.me/racejournal/7572) с должности руководителя Red Bull продлится лишь шесть месяцев — уже в январе 2026 года он сможет приступить к работе в новой команде.\n\nНадежность: 🟩🟩\n\n@racejournal • #слухи 🏷', 'post_views': 12993}, {'post_id': 7580, 'post_text': '🔵 Немецкое издание F1-Insider сообщает, что после [отставки](https://t.me/racejournal/7572) **Кристиана Хорнера** с поста руководителя Red Bull исполнительный консультант Alpine **Флавио Бриаторе** рассматривает возможность приглашения британца на аналогичную должность.\n\nНесмотря на то что контракт Хорнера с Red Bull действует до 2030 года и формально он по-прежнему остаётся сотрудником команды, согласно источнику, пункт о запрете на досрочный переход в другую команду более не действует.\n\nПо информации издания, Бриаторе всерьёз нацелен заполучить Хорнера и готов предложить ему долю в команде — именно к этому стремился британец в Red Bull, по аналогии с Тото Вольфом в Mercedes. Это, как предполагается, и стало одной из причин конфликта с руководством Red Bull.\n\nВ Alpine рассчитывают, что приход столь опытного управленца позволит положить конец многолетнему кризису, стабилизировать ситуацию внутри коллектива и восстановить репутацию команды.\n\nНадежность: 🟨🟨\n\n@racejournal • #слухи 🏷', 'post_views': 8892}, {'post_id': 7579, 'post_text': '🔵 **Кристиан Хорнер** признался, что отставка с поста руководителя команды Red Bull стала для него «настоящим шоком». Об этом он заявил в прощальной речи перед сотрудниками коллектива в Милтон-Кинсе сегодня утром — её запись оказалась в распоряжении Sky Sports F1.\n\n**«Вчера Red Bull сообщили мне, что я больше не буду участвовать в операционной деятельности команды. Я остаюсь сотрудником компании, но передаю эстафету другому. Это, конечно, стало для меня шоком, но за последние 12 часов у меня было время всё осмыслить. Я хотел лично сообщить вам эту новость и поблагодарить каждого, кто работал со мной все эти двадцать с половиной лет.\n\nКогда я пришёл сюда 20 лет назад, с чуть меньшим количеством седых волос, я не знал, чего ожидать, но меня сразу приняли. Из двух полуразрушенных зданий мы построили команду, которая стала одной из сильнейших в Формуле-1. Быть частью этой команды — величайшая привилегия в моей жизни».**\n\nВ конце выступления сотрудники проводили его аплодисментами, а сам Хорнер едва сдерживал эмоции.\n\n@racejournal • #новости 🏷', 'post_views': 9647}, {'post_id': 7578, 'post_text': '1️⃣ **Макс Ферстаппен** в социальных сетях отреагировал на [отставку](https://t.me/racejournal/7572) руководителя Red Bull Кристиана Хорнера, выразив благодарность за годы совместной работы.\n\n@racejournal • #новости 🏷', 'post_views': 8249}, {'post_id': 7577, 'post_text': '🔵 По информации немецкого издания Auto Motor und Sport, ключевой причиной увольнения **Кристиана Хорнера** из Red Bull стала чрезмерная концентрация власти в его руках. Британец совмещал несколько ключевых ролей внутри коллектива и не намеревался делегировать полномочия, что вызывало растущее недовольство как со стороны совета директоров, так и в лагере Макса Ферстаппена.\n\nКроме того, Хорнеру вменяют в вину спад результатов после серии чемпионских сезонов, спорные кадровые решения — в частности, дорогостоящее [расторжение контракта](https://t.me/racejournal/6504) с Серхио Пересом, [продвижение](https://t.me/racejournal/6508) Лиама Лоусона и его быструю [замену](https://t.me/racejournal/6887) на Юки Цуноду, что так и не решило проблему второго пилота. [Уход](https://t.me/racejournal/5190) технического директора Эдриана Ньюи также напрямую связывают с попытками Хорнера ограничить сферу его ответственности.\n\nСитуацию дополнительно осложнили прошлогоднее внутреннее [расследование](https://t.me/racejournal/4835) по жалобе сотрудницы Red Bull на неподобающее поведение Кристиана Хорнера, а также последовавший за этим уход ряда ключевых специалистов.\n\nКак отмечает AMuS, решающую роль в принятии решения о смене руководства команды сыграл исполнительный директор материнской компании Red Bull GmbH — **Оливер Минцлафф**.\n\nНадёжность: 🟩🟩\n\n@racejournal • #слухи 🏷', 'post_views': 9097}, {'post_id': 7576, 'post_text': '🔵 По информации журналиста PlanetF1 Томаса Махера, **Кристиан Хорнер** — не единственный, кто [покинул](https://t.me/racejournal/7572) Red Bull сегодня.\n\nСвой пост также оставили директор по маркетингу Red Bull Racing и Red Bull Technology **Оливер Хьюз**, а также директор по коммуникациям автоспортивной программы Red Bull **Пол Смит**.\n\nНадёжность: 🟩🟩\n\n@racejournal • #слухи 🏷', 'post_views': 8311}], 'average_views': 8081, 'participants_count': 14139, 'description': '▹ От фанатов для фанатов ❤️\n▹ Поддержать проект: t.me/racejournal/1430\n▹ По всем вопросам: @raceconnect\n\n№ 4984228403', 'pinned_messages': [{'text': '🔴 Календарь сезона-2025. В этом году нас вновь ожидают 24 гран-при, включая пять сдвоенных и три строенных этапа. Шесть уик-эндов пройдут в спринт-формате. Между стартом сезона в Австралии и его финалом в Абу-Даби пройдет 268 дней.\n\n@racejournal • #s2025 🏷', 'id': 6553}]}
INFO 2025-07-15 07:19:24,900 mtprotosender _disconnect (line:319) - Disconnecting from 149.154.167.51:443/TcpFull...
DEBUG 2025-07-15 07:19:24,900 mtprotosender _disconnect (line:322) - Closing current connection...
DEBUG 2025-07-15 07:19:24,900 mtprotosender _disconnect (line:325) - Cancelling 0 pending message(s)...
INFO 2025-07-15 07:19:24,900 mtprotosender _disconnect (line:339) - Disconnection from 149.154.167.51:443/TcpFull complete!
INFO 2025-07-15 07:19:25,022 basehttp log_message (line:213) - "POST /parser/ HTTP/1.1" 302 0
INFO 2025-07-15 07:19:25,064 basehttp log_message (line:213) - "GET /parser/list HTTP/1.1" 200 9848
INFO 2025-07-15 07:19:45,292 basehttp log_message (line:213) - "GET /parser/4/ HTTP/1.1" 200 40867
INFO 2025-07-15 07:20:33,885 basehttp log_message (line:213) - "GET /parser/4/ HTTP/1.1" 200 40867
INFO 2025-07-15 07:20:40,201 basehttp log_message (line:213) - "GET /parser/ HTTP/1.1" 200 5233
INFO 2025-07-15 07:20:40,814 basehttp log_message (line:213) - "GET /parser/list HTTP/1.1" 200 9241
INFO 2025-07-15 07:20:44,872 basehttp log_message (line:213) - "GET /parser/ HTTP/1.1" 200 5233
DEBUG 2025-07-15 07:20:46,913 selector_events __init__ (line:64) - Using selector: KqueueSelector
INFO 2025-07-15 07:20:46,919 mtprotosender _connect (line:228) - Connecting to 149.154.167.51:443/TcpFull...
DEBUG 2025-07-15 07:20:46,919 mtprotosender _try_connect (line:283) - Connection attempt 1...
DEBUG 2025-07-15 07:20:46,921 mtprotosender _try_connect (line:285) - Connection success!
DEBUG 2025-07-15 07:20:46,921 mtprotosender _connect (line:267) - Starting send loop
DEBUG 2025-07-15 07:20:46,921 mtprotosender _connect (line:270) - Starting receive loop
INFO 2025-07-15 07:20:46,921 mtprotosender _connect (line:279) - Connection to 149.154.167.51:443/TcpFull complete!
DEBUG 2025-07-15 07:20:46,922 mtprotosender _send_loop (line:460) - Waiting for messages to send...
DEBUG 2025-07-15 07:20:46,922 messagepacker get (line:66) - Assigned msg_id = 7527205265403867540 to InvokeWithLayerRequest (1063d5810)
DEBUG 2025-07-15 07:20:46,922 mtprotosender _send_loop (line:469) - Encrypting 1 message(s) in 76 bytes for sending
DEBUG 2025-07-15 07:20:46,925 mtprotosender _send_loop (line:495) - Encrypted messages put in a queue to be sent
DEBUG 2025-07-15 07:20:46,925 mtprotosender _send_loop (line:460) - Waiting for messages to send...
DEBUG 2025-07-15 07:20:46,925 mtprotosender _recv_loop (line:505) - Receiving items from the network...
DEBUG 2025-07-15 07:20:47,326 mtprotosender _handle_bad_server_salt (line:750) - Handling bad salt for message 7527205265403867540
DEBUG 2025-07-15 07:20:47,327 mtprotosender _handle_bad_server_salt (line:755) - 1 message(s) will be resent
DEBUG 2025-07-15 07:20:47,327 mtprotosender _recv_loop (line:505) - Receiving items from the network...
DEBUG 2025-07-15 07:20:47,327 messagepacker get (line:66) - Assigned msg_id = 7527205267322054324 to InvokeWithLayerRequest (1063d5810)
DEBUG 2025-07-15 07:20:47,328 mtprotosender _send_loop (line:469) - Encrypting 1 message(s) in 76 bytes for sending
DEBUG 2025-07-15 07:20:47,328 mtprotosender _send_loop (line:495) - Encrypted messages put in a queue to be sent
DEBUG 2025-07-15 07:20:47,328 mtprotosender _send_loop (line:460) - Waiting for messages to send...
DEBUG 2025-07-15 07:20:47,329 messagepacker get (line:66) - Assigned msg_id = 7527205267327103076 to MsgsAck (10633bcd0)
DEBUG 2025-07-15 07:20:47,329 mtprotosender _send_loop (line:469) - Encrypting 1 message(s) in 36 bytes for sending
DEBUG 2025-07-15 07:20:47,330 mtprotosender _send_loop (line:495) - Encrypted messages put in a queue to be sent
DEBUG 2025-07-15 07:20:47,330 mtprotosender _send_loop (line:460) - Waiting for messages to send...
DEBUG 2025-07-15 07:20:47,522 mtprotosender _handle_container (line:657) - Handling container
DEBUG 2025-07-15 07:20:47,523 mtprotosender _handle_new_session_created (line:825) - Handling new session created
DEBUG 2025-07-15 07:20:47,523 mtprotosender _handle_ack (line:844) - Handling acknowledge for [7527205267322054324]
DEBUG 2025-07-15 07:20:47,523 mtprotosender _recv_loop (line:505) - Receiving items from the network...
DEBUG 2025-07-15 07:20:47,534 mtprotosender _handle_rpc_result (line:607) - Handling RPC result for message 7527205267322054324
DEBUG 2025-07-15 07:20:47,535 mtprotosender _recv_loop (line:505) - Receiving items from the network...
DEBUG 2025-07-15 07:20:47,535 messagepacker get (line:66) - Assigned msg_id = 7527205268154270588 to GetUsersRequest (1063d5810)
DEBUG 2025-07-15 07:20:47,536 mtprotosender _send_loop (line:469) - Encrypting 1 message(s) in 32 bytes for sending
DEBUG 2025-07-15 07:20:47,536 mtprotosender _send_loop (line:495) - Encrypted messages put in a queue to be sent
DEBUG 2025-07-15 07:20:47,536 mtprotosender _send_loop (line:460) - Waiting for messages to send...
DEBUG 2025-07-15 07:20:47,537 messagepacker get (line:66) - Assigned msg_id = 7527205268158807216 to MsgsAck (106308d70)
DEBUG 2025-07-15 07:20:47,537 mtprotosender _send_loop (line:469) - Encrypting 1 message(s) in 60 bytes for sending
DEBUG 2025-07-15 07:20:47,537 mtprotosender _send_loop (line:495) - Encrypted messages put in a queue to be sent
DEBUG 2025-07-15 07:20:47,537 mtprotosender _send_loop (line:460) - Waiting for messages to send...
DEBUG 2025-07-15 07:20:48,129 mtprotosender _handle_rpc_result (line:607) - Handling RPC result for message 7527205268154270588
DEBUG 2025-07-15 07:20:48,130 mtprotosender _recv_loop (line:505) - Receiving items from the network...
DEBUG 2025-07-15 07:20:48,131 messagepacker get (line:66) - Assigned msg_id = 7527205270831382812 to GetStateRequest (1063d5810)
DEBUG 2025-07-15 07:20:48,131 mtprotosender _send_loop (line:469) - Encrypting 1 message(s) in 20 bytes for sending
DEBUG 2025-07-15 07:20:48,132 mtprotosender _send_loop (line:495) - Encrypted messages put in a queue to be sent
DEBUG 2025-07-15 07:20:48,132 mtprotosender _send_loop (line:460) - Waiting for messages to send...
DEBUG 2025-07-15 07:20:48,132 messagepacker get (line:66) - Assigned msg_id = 7527205270835342468 to MsgsAck (10630b890)
DEBUG 2025-07-15 07:20:48,132 mtprotosender _send_loop (line:469) - Encrypting 1 message(s) in 36 bytes for sending
DEBUG 2025-07-15 07:20:48,133 mtprotosender _send_loop (line:495) - Encrypted messages put in a queue to be sent
DEBUG 2025-07-15 07:20:48,133 mtprotosender _send_loop (line:460) - Waiting for messages to send...
DEBUG 2025-07-15 07:20:48,327 mtprotosender _handle_rpc_result (line:607) - Handling RPC result for message 7527205270831382812
DEBUG 2025-07-15 07:20:48,327 mtprotosender _recv_loop (line:505) - Receiving items from the network...
DEBUG 2025-07-15 07:20:48,328 messagepacker get (line:66) - Assigned msg_id = 7527205271618526520 to GetDifferenceRequest (1063d5810)
DEBUG 2025-07-15 07:20:48,328 mtprotosender _send_loop (line:469) - Encrypting 1 message(s) in 36 bytes for sending
DEBUG 2025-07-15 07:20:48,329 mtprotosender _send_loop (line:495) - Encrypted messages put in a queue to be sent
DEBUG 2025-07-15 07:20:48,329 mtprotosender _send_loop (line:460) - Waiting for messages to send...
DEBUG 2025-07-15 07:20:48,329 messagepacker get (line:66) - Assigned msg_id = 7527205271624021592 to MsgsAck (106384050)
DEBUG 2025-07-15 07:20:48,329 mtprotosender _send_loop (line:469) - Encrypting 1 message(s) in 36 bytes for sending
DEBUG 2025-07-15 07:20:48,330 mtprotosender _send_loop (line:495) - Encrypted messages put in a queue to be sent
DEBUG 2025-07-15 07:20:48,330 mtprotosender _send_loop (line:460) - Waiting for messages to send...
DEBUG 2025-07-15 07:20:48,525 mtprotosender _handle_rpc_result (line:607) - Handling RPC result for message 7527205271618526520
DEBUG 2025-07-15 07:20:48,526 mtprotosender _recv_loop (line:505) - Receiving items from the network...
DEBUG 2025-07-15 07:20:49,533 messagepacker get (line:66) - Assigned msg_id = 7527205276732653324 to ResolveUsernameRequest (1063d5e50)
DEBUG 2025-07-15 07:20:49,533 mtprotosender _send_loop (line:469) - Encrypting 1 message(s) in 36 bytes for sending
DEBUG 2025-07-15 07:20:49,534 mtprotosender _send_loop (line:495) - Encrypted messages put in a queue to be sent
DEBUG 2025-07-15 07:20:49,534 mtprotosender _send_loop (line:460) - Waiting for messages to send...
DEBUG 2025-07-15 07:20:49,534 messagepacker get (line:66) - Assigned msg_id = 7527205276738901796 to MsgsAck (106321b50)
DEBUG 2025-07-15 07:20:49,534 mtprotosender _send_loop (line:469) - Encrypting 1 message(s) in 36 bytes for sending
DEBUG 2025-07-15 07:20:49,535 mtprotosender _send_loop (line:495) - Encrypted messages put in a queue to be sent
DEBUG 2025-07-15 07:20:49,535 mtprotosender _send_loop (line:460) - Waiting for messages to send...
DEBUG 2025-07-15 07:20:49,729 mtprotosender _handle_ack (line:844) - Handling acknowledge for [7527205276732653324]
DEBUG 2025-07-15 07:20:49,730 mtprotosender _recv_loop (line:505) - Receiving items from the network...
DEBUG 2025-07-15 07:20:49,731 mtprotosender _handle_update (line:683) - Handling update UpdateShort
DEBUG 2025-07-15 07:20:49,731 mtprotosender _recv_loop (line:505) - Receiving items from the network...
DEBUG 2025-07-15 07:20:49,734 mtprotosender _handle_update (line:683) - Handling update Updates
DEBUG 2025-07-15 07:20:49,735 mtprotosender _recv_loop (line:505) - Receiving items from the network...
DEBUG 2025-07-15 07:20:49,767 mtprotosender _handle_rpc_result (line:607) - Handling RPC result for message 7527205276732653324
DEBUG 2025-07-15 07:20:49,768 mtprotosender _recv_loop (line:505) - Receiving items from the network...
DEBUG 2025-07-15 07:20:49,769 messagepacker get (line:66) - Assigned msg_id = 7527205277676357928 to GetHistoryRequest (106360190)
DEBUG 2025-07-15 07:20:49,769 mtprotosender _send_loop (line:469) - Encrypting 1 message(s) in 72 bytes for sending
DEBUG 2025-07-15 07:20:49,769 mtprotosender _send_loop (line:495) - Encrypted messages put in a queue to be sent
DEBUG 2025-07-15 07:20:49,769 mtprotosender _send_loop (line:460) - Waiting for messages to send...
DEBUG 2025-07-15 07:20:49,769 messagepacker get (line:66) - Assigned msg_id = 7527205277678669636 to MsgsAck (106317230)
DEBUG 2025-07-15 07:20:49,769 mtprotosender _send_loop (line:469) - Encrypting 1 message(s) in 60 bytes for sending
DEBUG 2025-07-15 07:20:49,770 mtprotosender _send_loop (line:495) - Encrypted messages put in a queue to be sent
DEBUG 2025-07-15 07:20:49,770 mtprotosender _send_loop (line:460) - Waiting for messages to send...
DEBUG 2025-07-15 07:20:49,959 mtprotosender _handle_container (line:657) - Handling container
DEBUG 2025-07-15 07:20:49,959 mtprotosender _handle_update (line:683) - Handling update Updates
DEBUG 2025-07-15 07:20:49,959 mtprotosender _handle_ack (line:844) - Handling acknowledge for [7527205277676357928]
DEBUG 2025-07-15 07:20:49,959 mtprotosender _recv_loop (line:505) - Receiving items from the network...
DEBUG 2025-07-15 07:20:50,237 mtprotosender _handle_rpc_result (line:607) - Handling RPC result for message 7527205277676357928
DEBUG 2025-07-15 07:20:50,247 mtprotosender _recv_loop (line:505) - Receiving items from the network...
DEBUG 2025-07-15 07:20:50,251 messagepacker get (line:66) - Assigned msg_id = 7527205279899220772 to GetFullChannelRequest (1063d5e50)
DEBUG 2025-07-15 07:20:50,251 mtprotosender _send_loop (line:469) - Encrypting 1 message(s) in 40 bytes for sending
DEBUG 2025-07-15 07:20:50,251 mtprotosender _send_loop (line:495) - Encrypted messages put in a queue to be sent
DEBUG 2025-07-15 07:20:50,251 mtprotosender _send_loop (line:460) - Waiting for messages to send...
DEBUG 2025-07-15 07:20:50,251 messagepacker get (line:66) - Assigned msg_id = 7527205279901332204 to MsgsAck (106367e30)
DEBUG 2025-07-15 07:20:50,251 mtprotosender _send_loop (line:469) - Encrypting 1 message(s) in 60 bytes for sending
DEBUG 2025-07-15 07:20:50,251 mtprotosender _send_loop (line:495) - Encrypted messages put in a queue to be sent
DEBUG 2025-07-15 07:20:50,251 mtprotosender _send_loop (line:460) - Waiting for messages to send...
DEBUG 2025-07-15 07:20:50,475 mtprotosender _handle_rpc_result (line:607) - Handling RPC result for message 7527205279899220772
DEBUG 2025-07-15 07:20:50,477 mtprotosender _recv_loop (line:505) - Receiving items from the network...
DEBUG 2025-07-15 07:20:50,478 messagepacker get (line:66) - Assigned msg_id = 7527205280807156868 to GetMessagesRequest (106360190)
DEBUG 2025-07-15 07:20:50,478 mtprotosender _send_loop (line:469) - Encrypting 1 message(s) in 56 bytes for sending
DEBUG 2025-07-15 07:20:50,478 mtprotosender _send_loop (line:495) - Encrypted messages put in a queue to be sent
DEBUG 2025-07-15 07:20:50,478 mtprotosender _send_loop (line:460) - Waiting for messages to send...
DEBUG 2025-07-15 07:20:50,478 messagepacker get (line:66) - Assigned msg_id = 7527205280810176200 to MsgsAck (106367f50)
DEBUG 2025-07-15 07:20:50,478 mtprotosender _send_loop (line:469) - Encrypting 1 message(s) in 36 bytes for sending
DEBUG 2025-07-15 07:20:50,479 mtprotosender _send_loop (line:495) - Encrypted messages put in a queue to be sent
DEBUG 2025-07-15 07:20:50,479 mtprotosender _send_loop (line:460) - Waiting for messages to send...
DEBUG 2025-07-15 07:20:50,806 mtprotosender _handle_rpc_result (line:607) - Handling RPC result for message 7527205280807156868
DEBUG 2025-07-15 07:20:50,808 mtprotosender _recv_loop (line:505) - Receiving items from the network...
DEBUG 2025-07-15 07:20:50,810 parser tg_parser (line:106) - Канал успешно спарсился: {'title': 'Race Journal - Формула-1', 'channel_id': 1407265844, 'username': 'racejournal', 'verified': False, 'creation_date': '2022-08-22T07:58:54+00:00', 'last_messages': [{'post_id': 7586, 'post_text': '🔵 Румынское издание autoevolution сообщает, что [**Серхио Перес**](https://t.me/racejournal/6924) вернётся в Формулу-1 в 2026 году в качестве боевого пилота Cadillac. Официальное объявление о контракте ожидается сразу после [гран-при Венгрии](https://t.me/racejournal/6553) в августе.\n\nЧто касается второго пилота, утверждается, что в Cadillac отказались от идеи привлечь американского гонщика: [**Колтон Херта**](https://t.me/racejournal/6377) не имеет необходимого количества баллов для получения суперлицензии, а других подходящих кандидатов из США в распоряжении Cadillac нет. Также сообщается, что коллектив вёл переговоры с **Даниэлем Риккардо**, но австралиец не захотел возвращаться в чемпионат.\n\nНа данный момент, по информации источника, Cadillac рассматривает две кандидатуры: **Валттери Боттаса** и **Мика Шумахера**. Приоритетным вариантом считается Боттас, однако к финну проявляет интерес и Alpine. Если Боттас окажется во французской команде — в 2026 году или [даже раньше](https://t.me/racejournal/7505) — шанс на возвращение в Формулу-1 может получить Шумахер.\n\nНадёжность: 🟨🟨\n\n@racejournal • #слухи 🏷', 'post_views': 5198}, {'post_id': 7584, 'post_text': '⚪ В следующем месяце в рамках сотрудничества с Toyota **Haas** проведёт двухдневные тесты — 6–7 августа — на трассе Фудзи Спидвей для своего запасного гонщика [**Рё Хиракавы**](https://t.me/andrius_liutkevicius/2509) и действующего чемпиона Super Formula **Сё Цубои** за рулём VF-23 (2023).\n\nОба гонщика являются частью автоспортивной программы Toyota Gazoo Racing. Рё Хиракава уже не раз принимал участие в пятничных тренировках, в том числе в этом году — в Бахрейне и Испании за Haas и в Японии за Alpine, — тогда как для Сё Цубои это станет дебютом за рулём машины Формулы-1.\n\n@racejournal • #новости 🏷', 'post_views': 6255}, {'post_id': 7583, 'post_text': '🔵 Британское издание The Telegraph сообщает, что досрочное [увольнение](https://t.me/racejournal/7572) **Кристиана Хорнера** с поста руководителя Red Bull может обойтись команде более чем в 80 миллионов долларов.\n\nПо информации источника, контракт британца был рассчитан ещё на пять с половиной лет — до конца 2030 года. В 2022 году зарплата Хорнера составила £8,044 млн, в 2023-м — £8,915 млн.\n\nЕсли адвокаты Хорнера будут добиваться выплаты полной суммы по контракту за весь оставшийся срок, компенсация может достигнуть 60 миллионов фунтов стерлингов (~$80 млн) с учётом дополнительных источников дохода и бонусов, которые он мог получить, если бы остался на посту руководителя команды..\n\nЮристы Red Bull, в свою очередь, намерены оспорить право на выплату полной суммы, ссылаясь на высокую вероятность того, что Кристиан Хорнер сможет найти новую работу в краткосрочной перспективе. Это может стать основанием для уменьшения компенсации. Учитывая его послужной список, интерес со стороны других команд практически гарантирован.\n\nНадежность: 🟨🟨\n\n@racejournal • #слухи 🏷', 'post_views': 8454}, {'post_id': 7582, 'post_text': '1️⃣ Сегодня днём в аэропорту Ольбия Коста Смеральда на Сардинии приземлился личный самолёт **Макса Ферстаппена**. Незадолго до этого туда же прибыл руководитель Mercedes **Тото Вольф**.\n\nПо данным трекинга, яхты четырёхкратного чемпиона мира и главы Mercedes сейчас находятся всего в 27 километрах друг от друга.\n\n__ℹ️____ Ранее Ральф Шумахер сообщал, что на этой неделе между Ферстаппеном и Вольфом может состояться встреча.__\n\n@racejournal • #новости 🏷', 'post_views': 8357}, {'post_id': 7581, 'post_text': '🔵 Sky Sports F1 сообщает, что обязательный отпуск «по уходу за садом» **Кристиана Хорнера** после [увольнения](https://t.me/racejournal/7572) с должности руководителя Red Bull продлится лишь шесть месяцев — уже в январе 2026 года он сможет приступить к работе в новой команде.\n\nНадежность: 🟩🟩\n\n@racejournal • #слухи 🏷', 'post_views': 12993}, {'post_id': 7580, 'post_text': '🔵 Немецкое издание F1-Insider сообщает, что после [отставки](https://t.me/racejournal/7572) **Кристиана Хорнера** с поста руководителя Red Bull исполнительный консультант Alpine **Флавио Бриаторе** рассматривает возможность приглашения британца на аналогичную должность.\n\nНесмотря на то что контракт Хорнера с Red Bull действует до 2030 года и формально он по-прежнему остаётся сотрудником команды, согласно источнику, пункт о запрете на досрочный переход в другую команду более не действует.\n\nПо информации издания, Бриаторе всерьёз нацелен заполучить Хорнера и готов предложить ему долю в команде — именно к этому стремился британец в Red Bull, по аналогии с Тото Вольфом в Mercedes. Это, как предполагается, и стало одной из причин конфликта с руководством Red Bull.\n\nВ Alpine рассчитывают, что приход столь опытного управленца позволит положить конец многолетнему кризису, стабилизировать ситуацию внутри коллектива и восстановить репутацию команды.\n\nНадежность: 🟨🟨\n\n@racejournal • #слухи 🏷', 'post_views': 8892}, {'post_id': 7579, 'post_text': '🔵 **Кристиан Хорнер** признался, что отставка с поста руководителя команды Red Bull стала для него «настоящим шоком». Об этом он заявил в прощальной речи перед сотрудниками коллектива в Милтон-Кинсе сегодня утром — её запись оказалась в распоряжении Sky Sports F1.\n\n**«Вчера Red Bull сообщили мне, что я больше не буду участвовать в операционной деятельности команды. Я остаюсь сотрудником компании, но передаю эстафету другому. Это, конечно, стало для меня шоком, но за последние 12 часов у меня было время всё осмыслить. Я хотел лично сообщить вам эту новость и поблагодарить каждого, кто работал со мной все эти двадцать с половиной лет.\n\nКогда я пришёл сюда 20 лет назад, с чуть меньшим количеством седых волос, я не знал, чего ожидать, но меня сразу приняли. Из двух полуразрушенных зданий мы построили команду, которая стала одной из сильнейших в Формуле-1. Быть частью этой команды — величайшая привилегия в моей жизни».**\n\nВ конце выступления сотрудники проводили его аплодисментами, а сам Хорнер едва сдерживал эмоции.\n\n@racejournal • #новости 🏷', 'post_views': 9647}, {'post_id': 7578, 'post_text': '1️⃣ **Макс Ферстаппен** в социальных сетях отреагировал на [отставку](https://t.me/racejournal/7572) руководителя Red Bull Кристиана Хорнера, выразив благодарность за годы совместной работы.\n\n@racejournal • #новости 🏷', 'post_views': 8249}, {'post_id': 7577, 'post_text': '🔵 По информации немецкого издания Auto Motor und Sport, ключевой причиной увольнения **Кристиана Хорнера** из Red Bull стала чрезмерная концентрация власти в его руках. Британец совмещал несколько ключевых ролей внутри коллектива и не намеревался делегировать полномочия, что вызывало растущее недовольство как со стороны совета директоров, так и в лагере Макса Ферстаппена.\n\nКроме того, Хорнеру вменяют в вину спад результатов после серии чемпионских сезонов, спорные кадровые решения — в частности, дорогостоящее [расторжение контракта](https://t.me/racejournal/6504) с Серхио Пересом, [продвижение](https://t.me/racejournal/6508) Лиама Лоусона и его быструю [замену](https://t.me/racejournal/6887) на Юки Цуноду, что так и не решило проблему второго пилота. [Уход](https://t.me/racejournal/5190) технического директора Эдриана Ньюи также напрямую связывают с попытками Хорнера ограничить сферу его ответственности.\n\nСитуацию дополнительно осложнили прошлогоднее внутреннее [расследование](https://t.me/racejournal/4835) по жалобе сотрудницы Red Bull на неподобающее поведение Кристиана Хорнера, а также последовавший за этим уход ряда ключевых специалистов.\n\nКак отмечает AMuS, решающую роль в принятии решения о смене руководства команды сыграл исполнительный директор материнской компании Red Bull GmbH — **Оливер Минцлафф**.\n\nНадёжность: 🟩🟩\n\n@racejournal • #слухи 🏷', 'post_views': 9097}, {'post_id': 7576, 'post_text': '🔵 По информации журналиста PlanetF1 Томаса Махера, **Кристиан Хорнер** — не единственный, кто [покинул](https://t.me/racejournal/7572) Red Bull сегодня.\n\nСвой пост также оставили директор по маркетингу Red Bull Racing и Red Bull Technology **Оливер Хьюз**, а также директор по коммуникациям автоспортивной программы Red Bull **Пол Смит**.\n\nНадёжность: 🟩🟩\n\n@racejournal • #слухи 🏷', 'post_views': 8311}], 'average_views': 8081, 'participants_count': 14139, 'description': '▹ От фанатов для фанатов ❤️\n▹ Поддержать проект: t.me/racejournal/1430\n▹ По всем вопросам: @raceconnect\n\n№ 4984228403', 'pinned_messages': [{'text': '🔴 Календарь сезона-2025. В этом году нас вновь ожидают 24 гран-при, включая пять сдвоенных и три строенных этапа. Шесть уик-эндов пройдут в спринт-формате. Между стартом сезона в Австралии и его финалом в Абу-Даби пройдет 268 дней.\n\n@racejournal • #s2025 🏷', 'id': 6553}]}
INFO 2025-07-15 07:20:50,844 mtprotosender _disconnect (line:319) - Disconnecting from 149.154.167.51:443/TcpFull...
DEBUG 2025-07-15 07:20:50,844 mtprotosender _disconnect (line:322) - Closing current connection...
DEBUG 2025-07-15 07:20:50,844 mtprotosender _disconnect (line:325) - Cancelling 0 pending message(s)...
INFO 2025-07-15 07:20:50,845 mtprotosender _disconnect (line:339) - Disconnection from 149.154.167.51:443/TcpFull complete!
INFO 2025-07-15 07:20:50,870 basehttp log_message (line:213) - "POST /parser/ HTTP/1.1" 302 0
INFO 2025-07-15 07:20:50,925 basehttp log_message (line:213) - "GET /parser/list HTTP/1.1" 200 9526
INFO 2025-07-15 07:20:54,523 basehttp log_message (line:213) - "GET /parser/4/ HTTP/1.1" 200 40867
INFO 2025-07-15 08:38:23,408 autoreload trigger_reload (line:265) - /Users/macbook/PycharmProjects/tg_parser_example/parserexample/parser/views.py changed, reloading.
INFO 2025-07-15 08:38:24,781 autoreload run_with_reloader (line:667) - Watching for file changes with StatReloader
INFO 2025-07-15 08:38:24,807 aes <module> (line:23) - libssl detected, it will be used for encryption
INFO 2025-07-15 08:39:36,299 autoreload trigger_reload (line:265) - /Users/macbook/PycharmProjects/tg_parser_example/parserexample/parser/views.py changed, reloading.
INFO 2025-07-15 08:39:36,778 autoreload run_with_reloader (line:667) - Watching for file changes with StatReloader
INFO 2025-07-15 08:39:36,798 aes <module> (line:23) - libssl detected, it will be used for encryption
INFO 2025-07-15 08:41:27,793 autoreload trigger_reload (line:265) - /Users/macbook/PycharmProjects/tg_parser_example/parserexample/parser/views.py changed, reloading.
INFO 2025-07-15 08:41:28,298 autoreload run_with_reloader (line:667) - Watching for file changes with StatReloader
INFO 2025-07-15 08:41:28,318 aes <module> (line:23) - libssl detected, it will be used for encryption
INFO 2025-07-15 08:43:13,090 autoreload trigger_reload (line:265) - /Users/macbook/PycharmProjects/tg_parser_example/parserexample/parser/views.py changed, reloading.
INFO 2025-07-15 08:43:13,545 autoreload run_with_reloader (line:667) - Watching for file changes with StatReloader
INFO 2025-07-15 08:43:13,570 aes <module> (line:23) - libssl detected, it will be used for encryption
INFO 2025-07-15 08:44:23,920 autoreload trigger_reload (line:265) - /Users/macbook/PycharmProjects/tg_parser_example/parserexample/parser/views.py changed, reloading.
INFO 2025-07-15 08:44:24,376 autoreload run_with_reloader (line:667) - Watching for file changes with StatReloader
INFO 2025-07-15 08:45:03,908 autoreload trigger_reload (line:265) - /Users/macbook/PycharmProjects/tg_parser_example/parserexample/parser/views.py changed, reloading.
INFO 2025-07-15 08:45:04,278 autoreload run_with_reloader (line:667) - Watching for file changes with StatReloader
INFO 2025-07-15 08:45:04,299 aes <module> (line:23) - libssl detected, it will be used for encryption
INFO 2025-07-15 08:45:38,640 basehttp log_message (line:213) - "GET / HTTP/1.1" 200 3358
INFO 2025-07-15 08:45:45,725 basehttp log_message (line:213) - "GET /parser/ HTTP/1.1" 200 5233
INFO 2025-07-15 08:45:58,428 views form_valid (line:102) - Начинаем обработку данных для канала; - simply_formula лимит - 10
DEBUG 2025-07-15 08:45:58,432 selector_events __init__ (line:64) - Using selector: KqueueSelector
INFO 2025-07-15 08:45:58,439 mtprotosender _connect (line:228) - Connecting to 149.154.167.51:443/TcpFull...
DEBUG 2025-07-15 08:45:58,439 mtprotosender _try_connect (line:283) - Connection attempt 1...
DEBUG 2025-07-15 08:45:58,441 mtprotosender _try_connect (line:285) - Connection success!
DEBUG 2025-07-15 08:45:58,441 mtprotosender _connect (line:267) - Starting send loop
DEBUG 2025-07-15 08:45:58,441 mtprotosender _connect (line:270) - Starting receive loop
INFO 2025-07-15 08:45:58,441 mtprotosender _connect (line:279) - Connection to 149.154.167.51:443/TcpFull complete!
DEBUG 2025-07-15 08:45:58,441 mtprotosender _send_loop (line:460) - Waiting for messages to send...
DEBUG 2025-07-15 08:45:58,441 messagepacker get (line:66) - Assigned msg_id = 7527227219355999876 to InvokeWithLayerRequest (112c45be0)
DEBUG 2025-07-15 08:45:58,442 mtprotosender _send_loop (line:469) - Encrypting 1 message(s) in 76 bytes for sending
DEBUG 2025-07-15 08:45:58,448 mtprotosender _send_loop (line:495) - Encrypted messages put in a queue to be sent
DEBUG 2025-07-15 08:45:58,449 mtprotosender _send_loop (line:460) - Waiting for messages to send...
DEBUG 2025-07-15 08:45:58,449 mtprotosender _recv_loop (line:505) - Receiving items from the network...
DEBUG 2025-07-15 08:45:58,881 mtprotostate update_time_offset (line:268) - Updated time offset (old offset 0, bad 7527227221113040856, good 7527227222411227137, new 1)
DEBUG 2025-07-15 08:45:58,881 mtprotosender _handle_bad_server_salt (line:750) - Handling bad salt for message 7527227219355999876
DEBUG 2025-07-15 08:45:58,881 mtprotosender _handle_bad_server_salt (line:755) - 1 message(s) will be resent
DEBUG 2025-07-15 08:45:58,881 mtprotosender _recv_loop (line:505) - Receiving items from the network...
DEBUG 2025-07-15 08:45:58,882 messagepacker get (line:66) - Assigned msg_id = 7527227225411119988 to InvokeWithLayerRequest (112c45be0)
DEBUG 2025-07-15 08:45:58,882 mtprotosender _send_loop (line:469) - Encrypting 1 message(s) in 76 bytes for sending
DEBUG 2025-07-15 08:45:58,882 mtprotosender _send_loop (line:495) - Encrypted messages put in a queue to be sent
DEBUG 2025-07-15 08:45:58,882 mtprotosender _send_loop (line:460) - Waiting for messages to send...
DEBUG 2025-07-15 08:45:58,882 messagepacker get (line:66) - Assigned msg_id = 7527227225413252404 to MsgsAck (112c45fd0)
DEBUG 2025-07-15 08:45:58,882 mtprotosender _send_loop (line:469) - Encrypting 1 message(s) in 36 bytes for sending
DEBUG 2025-07-15 08:45:58,885 mtprotosender _send_loop (line:495) - Encrypted messages put in a queue to be sent
DEBUG 2025-07-15 08:45:58,887 mtprotosender _send_loop (line:460) - Waiting for messages to send...
DEBUG 2025-07-15 08:45:59,095 mtprotosender _handle_container (line:657) - Handling container
DEBUG 2025-07-15 08:45:59,095 mtprotosender _handle_new_session_created (line:825) - Handling new session created
DEBUG 2025-07-15 08:45:59,095 mtprotosender _handle_ack (line:844) - Handling acknowledge for [7527227225411119988]
DEBUG 2025-07-15 08:45:59,095 mtprotosender _recv_loop (line:505) - Receiving items from the network...
DEBUG 2025-07-15 08:45:59,104 mtprotosender _handle_rpc_result (line:607) - Handling RPC result for message 7527227225411119988
DEBUG 2025-07-15 08:45:59,105 mtprotosender _recv_loop (line:505) - Receiving items from the network...
DEBUG 2025-07-15 08:45:59,105 messagepacker get (line:66) - Assigned msg_id = 7527227226599579984 to GetUsersRequest (112c463c0)
DEBUG 2025-07-15 08:45:59,105 mtprotosender _send_loop (line:469) - Encrypting 1 message(s) in 32 bytes for sending
DEBUG 2025-07-15 08:45:59,105 mtprotosender _send_loop (line:495) - Encrypted messages put in a queue to be sent
DEBUG 2025-07-15 08:45:59,105 mtprotosender _send_loop (line:460) - Waiting for messages to send...
DEBUG 2025-07-15 08:45:59,105 messagepacker get (line:66) - Assigned msg_id = 7527227226600271396 to MsgsAck (112db4550)
DEBUG 2025-07-15 08:45:59,105 mtprotosender _send_loop (line:469) - Encrypting 1 message(s) in 60 bytes for sending
DEBUG 2025-07-15 08:45:59,105 mtprotosender _send_loop (line:495) - Encrypted messages put in a queue to be sent
DEBUG 2025-07-15 08:45:59,105 mtprotosender _send_loop (line:460) - Waiting for messages to send...
DEBUG 2025-07-15 08:45:59,350 mtprotosender _handle_rpc_result (line:607) - Handling RPC result for message 7527227226599579984
DEBUG 2025-07-15 08:45:59,351 mtprotosender _recv_loop (line:505) - Receiving items from the network...
DEBUG 2025-07-15 08:45:59,351 messagepacker get (line:66) - Assigned msg_id = 7527227227585154708 to GetStateRequest (112c463c0)
DEBUG 2025-07-15 08:45:59,352 mtprotosender _send_loop (line:469) - Encrypting 1 message(s) in 20 bytes for sending
DEBUG 2025-07-15 08:45:59,352 mtprotosender _send_loop (line:495) - Encrypted messages put in a queue to be sent
DEBUG 2025-07-15 08:45:59,352 mtprotosender _send_loop (line:460) - Waiting for messages to send...
DEBUG 2025-07-15 08:45:59,352 messagepacker get (line:66) - Assigned msg_id = 7527227227588355236 to MsgsAck (1129dbce0)
DEBUG 2025-07-15 08:45:59,352 mtprotosender _send_loop (line:469) - Encrypting 1 message(s) in 36 bytes for sending
DEBUG 2025-07-15 08:45:59,353 mtprotosender _send_loop (line:495) - Encrypted messages put in a queue to be sent
DEBUG 2025-07-15 08:45:59,353 mtprotosender _send_loop (line:460) - Waiting for messages to send...
DEBUG 2025-07-15 08:45:59,544 mtprotosender _handle_rpc_result (line:607) - Handling RPC result for message 7527227227585154708
DEBUG 2025-07-15 08:45:59,545 mtprotosender _recv_loop (line:505) - Receiving items from the network...
DEBUG 2025-07-15 08:45:59,546 messagepacker get (line:66) - Assigned msg_id = 7527227228362291508 to GetDifferenceRequest (112c463c0)
DEBUG 2025-07-15 08:45:59,546 mtprotosender _send_loop (line:469) - Encrypting 1 message(s) in 36 bytes for sending
DEBUG 2025-07-15 08:45:59,546 mtprotosender _send_loop (line:495) - Encrypted messages put in a queue to be sent
DEBUG 2025-07-15 08:45:59,547 mtprotosender _send_loop (line:460) - Waiting for messages to send...
DEBUG 2025-07-15 08:45:59,547 messagepacker get (line:66) - Assigned msg_id = 7527227228366943532 to MsgsAck (112dbc050)
DEBUG 2025-07-15 08:45:59,547 mtprotosender _send_loop (line:469) - Encrypting 1 message(s) in 36 bytes for sending
DEBUG 2025-07-15 08:45:59,548 mtprotosender _send_loop (line:495) - Encrypted messages put in a queue to be sent
DEBUG 2025-07-15 08:45:59,548 mtprotosender _send_loop (line:460) - Waiting for messages to send...
DEBUG 2025-07-15 08:45:59,739 mtprotosender _handle_rpc_result (line:607) - Handling RPC result for message 7527227228362291508
DEBUG 2025-07-15 08:45:59,741 mtprotosender _recv_loop (line:505) - Receiving items from the network...
DEBUG 2025-07-15 08:46:00,744 messagepacker get (line:66) - Assigned msg_id = 7527227233449083144 to ResolveUsernameRequest (112c46120)
DEBUG 2025-07-15 08:46:00,744 mtprotosender _send_loop (line:469) - Encrypting 1 message(s) in 40 bytes for sending
DEBUG 2025-07-15 08:46:00,744 mtprotosender _send_loop (line:495) - Encrypted messages put in a queue to be sent
DEBUG 2025-07-15 08:46:00,744 mtprotosender _send_loop (line:460) - Waiting for messages to send...
DEBUG 2025-07-15 08:46:00,745 messagepacker get (line:66) - Assigned msg_id = 7527227233453146752 to MsgsAck (107a35250)
DEBUG 2025-07-15 08:46:00,745 mtprotosender _send_loop (line:469) - Encrypting 1 message(s) in 36 bytes for sending
DEBUG 2025-07-15 08:46:00,745 mtprotosender _send_loop (line:495) - Encrypted messages put in a queue to be sent
DEBUG 2025-07-15 08:46:00,745 mtprotosender _send_loop (line:460) - Waiting for messages to send...
DEBUG 2025-07-15 08:46:00,953 mtprotosender _handle_rpc_result (line:607) - Handling RPC result for message 7527227233449083144
DEBUG 2025-07-15 08:46:00,954 mtprotosender _recv_loop (line:505) - Receiving items from the network...
DEBUG 2025-07-15 08:46:00,956 messagepacker get (line:66) - Assigned msg_id = 7527227234298522768 to GetHistoryRequest (112c46120)
DEBUG 2025-07-15 08:46:00,956 mtprotosender _send_loop (line:469) - Encrypting 1 message(s) in 72 bytes for sending
DEBUG 2025-07-15 08:46:00,957 mtprotosender _send_loop (line:495) - Encrypted messages put in a queue to be sent
DEBUG 2025-07-15 08:46:00,957 mtprotosender _send_loop (line:460) - Waiting for messages to send...
DEBUG 2025-07-15 08:46:00,957 messagepacker get (line:66) - Assigned msg_id = 7527227234302258308 to MsgsAck (112cf9370)
DEBUG 2025-07-15 08:46:00,957 mtprotosender _send_loop (line:469) - Encrypting 1 message(s) in 36 bytes for sending
DEBUG 2025-07-15 08:46:00,958 mtprotosender _send_loop (line:495) - Encrypted messages put in a queue to be sent
DEBUG 2025-07-15 08:46:00,958 mtprotosender _send_loop (line:460) - Waiting for messages to send...
DEBUG 2025-07-15 08:46:01,331 mtprotosender _handle_rpc_result (line:607) - Handling RPC result for message 7527227234298522768
DEBUG 2025-07-15 08:46:01,342 mtprotosender _recv_loop (line:505) - Receiving items from the network...
DEBUG 2025-07-15 08:46:01,343 messagepacker get (line:66) - Assigned msg_id = 7527227236140282092 to GetFullChannelRequest (112c45160)
DEBUG 2025-07-15 08:46:01,343 mtprotosender _send_loop (line:469) - Encrypting 1 message(s) in 40 bytes for sending
DEBUG 2025-07-15 08:46:01,343 mtprotosender _send_loop (line:495) - Encrypted messages put in a queue to be sent
DEBUG 2025-07-15 08:46:01,343 mtprotosender _send_loop (line:460) - Waiting for messages to send...
DEBUG 2025-07-15 08:46:01,343 messagepacker get (line:66) - Assigned msg_id = 7527227236142801700 to MsgsAck (112cfbf00)
DEBUG 2025-07-15 08:46:01,343 mtprotosender _send_loop (line:469) - Encrypting 1 message(s) in 36 bytes for sending
DEBUG 2025-07-15 08:46:01,344 mtprotosender _send_loop (line:495) - Encrypted messages put in a queue to be sent
DEBUG 2025-07-15 08:46:01,344 mtprotosender _send_loop (line:460) - Waiting for messages to send...
DEBUG 2025-07-15 08:46:01,581 mtprotosender _handle_rpc_result (line:607) - Handling RPC result for message 7527227236140282092
DEBUG 2025-07-15 08:46:01,583 mtprotosender _recv_loop (line:505) - Receiving items from the network...
DEBUG 2025-07-15 08:46:01,584 messagepacker get (line:66) - Assigned msg_id = 7527227237105661808 to GetMessagesRequest (112c46120)
DEBUG 2025-07-15 08:46:01,584 mtprotosender _send_loop (line:469) - Encrypting 1 message(s) in 56 bytes for sending
DEBUG 2025-07-15 08:46:01,585 mtprotosender _send_loop (line:495) - Encrypted messages put in a queue to be sent
DEBUG 2025-07-15 08:46:01,585 mtprotosender _send_loop (line:460) - Waiting for messages to send...
DEBUG 2025-07-15 08:46:01,585 messagepacker get (line:66) - Assigned msg_id = 7527227237110477864 to MsgsAck (112cf3b50)
DEBUG 2025-07-15 08:46:01,585 mtprotosender _send_loop (line:469) - Encrypting 1 message(s) in 36 bytes for sending
DEBUG 2025-07-15 08:46:01,586 mtprotosender _send_loop (line:495) - Encrypted messages put in a queue to be sent
DEBUG 2025-07-15 08:46:01,586 mtprotosender _send_loop (line:460) - Waiting for messages to send...
DEBUG 2025-07-15 08:46:01,841 mtprotosender _handle_rpc_result (line:607) - Handling RPC result for message 7527227237105661808
DEBUG 2025-07-15 08:46:01,842 mtprotosender _recv_loop (line:505) - Receiving items from the network...
DEBUG 2025-07-15 08:46:01,843 parser tg_parser (line:106) - Канал успешно спарсился: {'title': 'Simply Formula | Формула-1 | Автоспорт', 'channel_id': 1389255892, 'username': 'simply_formula', 'verified': True, 'creation_date': '2019-10-25T12:44:12+00:00', 'last_messages': [{'post_id': 41744, 'post_text': 'Ребята, отдыхаю.\n\nКак вы там? Что нового? \n\n🙃', 'post_views': 35094}, {'post_id': 41743, 'post_text': 'AI предсказал следующих чемпионов Формулы-1', 'post_views': 35957}, {'post_id': 41742, 'post_text': '', 'post_views': 35126}, {'post_id': 41741, 'post_text': '', 'post_views': 35134}, {'post_id': 41740, 'post_text': '', 'post_views': 35117}, {'post_id': 41739, 'post_text': '🧡 McLaren вчера в Гудвуде', 'post_views': 35725}, {'post_id': 41738, 'post_text': '', 'post_views': 45711}, {'post_id': 41737, 'post_text': '', 'post_views': 45382}, {'post_id': 41736, 'post_text': '', 'post_views': 45473}, {'post_id': 41735, 'post_text': '', 'post_views': 45400}], 'average_views': 51036, 'participants_count': 120527, 'description': '🇷🇺 Авторский блог Романа Кузнецова о Формуле-1.\n\n🏆 Лучший спортивный авторский канал по версии ресурса Чемпионат 2023, 2024\n\nРКН: https://knd.gov.ru/license?id=673640fe15601c23cb2597cd&registryType=bloggersPermission', 'pinned_messages': [{'text': '❤️\u200d🔥 ИЮЛЬСКИЙ ПЕРЕРЫВ В ФОРМУЛЕ-1! \nОТДЫХАЕМ ТРИ НЕДЕЛИ! \n \n🇧🇪 Следующий этап: 25 - 27 июля Гран-при Бельгии (Спа)\n \nFP1 - 13:30\nСпринт-квалификация - 17:30\nСпринт - 13:00\nКвалификация - 17:00 \nГонка - 16:00\n\n🏁 Время Формулы-1 может меняться, проверяйте расписание перед стартом уик-энда!', 'id': 41731}]}
INFO 2025-07-15 08:46:01,846 mtprotosender _disconnect (line:319) - Disconnecting from 149.154.167.51:443/TcpFull...
DEBUG 2025-07-15 08:46:01,848 mtprotosender _disconnect (line:322) - Closing current connection...
DEBUG 2025-07-15 08:46:01,850 mtprotosender _disconnect (line:325) - Cancelling 0 pending message(s)...
INFO 2025-07-15 08:46:01,850 mtprotosender _disconnect (line:339) - Disconnection from 149.154.167.51:443/TcpFull complete!
INFO 2025-07-15 08:46:01,851 views form_valid (line:109) - Парсинг завершен для канала;- Simply Formula | Формула-1 | Автоспорт (1389255892
INFO 2025-07-15 08:46:01,924 views save_channel (line:68) - Обновлен канал: Simply Formula | Формула-1 | Автоспорт
INFO 2025-07-15 08:46:01,932 views save_stats (line:94) - Для канала: Simply Formula | Формула-1 | Автоспорт записана статистика; - Подписчики: 120527 прирост: 320
INFO 2025-07-15 08:46:01,933 basehttp log_message (line:213) - "POST /parser/ HTTP/1.1" 302 0
INFO 2025-07-15 08:46:01,971 basehttp log_message (line:213) - "GET /parser/list HTTP/1.1" 200 9541
WARNING 2025-07-15 08:46:02,202 log log_response (line:253) - Not Found: /apple-touch-icon-precomposed.png
WARNING 2025-07-15 08:46:02,202 log log_response (line:253) - Not Found: /apple-touch-icon.png
WARNING 2025-07-15 08:46:02,202 log log_response (line:253) - Not Found: /favicon.ico
WARNING 2025-07-15 08:46:02,202 basehttp log_message (line:213) - "GET /apple-touch-icon.png HTTP/1.1" 404 2549
WARNING 2025-07-15 08:46:02,202 basehttp log_message (line:213) - "GET /apple-touch-icon-precomposed.png HTTP/1.1" 404 2585
WARNING 2025-07-15 08:46:02,203 basehttp log_message (line:213) - "GET /favicon.ico HTTP/1.1" 404 2522
